word	tag
Universitas	ORGANIZATION
Gadjah	ORGANIZATION
Mada	ORGANIZATION
Arie	PERSON
Sudjito	PERSON
Partai	ORGANIZATION
Golkar	ORGANIZATION
Aburizal	PERSON
Bakrie	PERSON
Aburizal	PERSON
Golkar	ORGANIZATION
Arie	PERSON
Golkar	PERSON
Golkar	ORGANIZATION
Arie	PERSON
Kompas.com	ORGANIZATION
Selasa	TIME
2014	TIME
Arie	PERSON
Aburizal	PERSON
Golkar	ORGANIZATION
Presidium	ORGANIZATION
Penyelamat	ORGANIZATION
Partai	ORGANIZATION
Golkar	ORGANIZATION
MS	PERSON
Hidayat	PERSON
Airlangga	PERSON
Hartarto	PERSON
Hidayat	PERSON
Airlangga	PERSON
Munas	EVENT
IX	EVENT
Bali	LOCATION
Airlangga	PERSON
Arie	PERSON
Hidayat	PERSON
Airlangga	PERSON
Aburizal	PERSON
Munas	EVENT
IX	EVENT
Arie	PERSON
Aburizal	PERSON
Golkar	ORGANIZATION
Partai	ORGANIZATION
Persatuan	ORGANIZATION
Pembangunan	ORGANIZATION
Arie	PERSON
Arie	PERSON
DPR	ORGANIZATION
Fadli	PERSON
Zon	PERSON
Joko	PERSON
Widodo	PERSON
Fadli	PERSON
Partai	ORGANIZATION
Nasdem	ORGANIZATION
Anies	PERSON
Baswedan	PERSON
Fadil	PERSON
Zon	PERSON
Gedung	LOCATION
DPR	LOCATION
Senayan	LOCATION
Jakarta	LOCATION
Rabu	TIME
2015	TIME
Perancis	LOCATION
Serge	PERSON
Atlaoui	PERSON
Pengadilan	ORGANIZATION
Negeri	ORGANIZATION
Tangerang	LOCATION
Filipina	LOCATION
Mary	PERSON
Jane	PERSON
Fiesta	PERSON
Veloso	PERSON
Partai	ORGANIZATION
Gerindra	ORGANIZATION
Fadli	PERSON
Indonesia	LOCATION
Fadli	PERSON
Kantor	ORGANIZATION
Wilayah	ORGANIZATION
Kementerian	ORGANIZATION
Hukum	ORGANIZATION
dan	ORGANIZATION
Hak	ORGANIZATION
Asasi	ORGANIZATION
Manusia	ORGANIZATION
Pulau	LOCATION
Nusakambangan	LOCATION
Cilacap	LOCATION
Andrew	PERSON
Chan	PERSON
Australia	LOCATION
Myuran	PERSON
Sukumaran	PERSON
Australia	LOCATION
Raheem	PERSON
Agbaje	PERSON
Salami	PERSON
Nigeria	LOCATION
Zainal	PERSON
Abidin	PERSON
Indonesia	LOCATION
Serge	PERSON
Areski	PERSON
Atlaoui	PERSON
Perancis	LOCATION
Rodrigo	PERSON
Gularte	PERSON
Brasil	LOCATION
Silvester	PERSON
Obiekwe	PERSON
Nwaolise	PERSON
Mustofa	PERSON
Nigeria	LOCATION
Martin	PERSON
Anderson	PERSON
Belo	PERSON
Ghana	LOCATION
Okwudili	PERSON
Oyatanze	PERSON
Nigeria	LOCATION
Mary	PERSON
Jane	PERSON
Fiesta	PERSON
Veloso	PERSON
Filipina	LOCATION
Partai	ORGANIZATION
Golkar	ORGANIZATION
Irianto	PERSON
MS	PERSON
Syaifuddin	PERSON
Tatang	PERSON
Farhanul	PERSON
Hakim	PERSON
Irianto	PERSON
Tatang	PERSON
Pemilu	EVENT
Jawa	LOCATION
Barat	LOCATION
DPP	ORGANIZATION
Partai	ORGANIZATION
Golkar	ORGANIZATION
Nurul	PERSON
Arifin	PERSON
Jakarta	LOCATION
Senin	TIME
Penelitian	ORGANIZATION
dan	ORGANIZATION
Pengembangan	ORGANIZATION
Litbang	ORGANIZATION
Kompas	ORGANIZATION
Irianto	ORGANIZATION
Tatang	ORGANIZATION
Ahmad	PERSON
Heryawan	PERSON
Deddy	PERSON
Mizwar	PERSON
Heryawan	PERSON
Deddy	PERSON
Rieke	PERSON
Diah	PERSON
Pitaloka	PERSON
Teten	PERSON
Masduki	PERSON
Rieke	PERSON
Teten	PERSON
Dede	PERSON
Yusuf	PERSON
Macan	PERSON
Efendi	PERSON
Lex	PERSON
Laksamana	PERSON
Dikdik	PERSON
M	PERSON
Arief	PERSON
Mansur	PERSON
Cecep	PERSON
Nana	PERSON
Suryana	PERSON
Toyib	PERSON
Dikdik	PERSON
Toyib	PERSON
Nurul	PERSON
Jabar	LOCATION
Nurul	PERSON
Nurul	PERSON
Jabar	LOCATION
2014	TIME
Pileg	EVENT
Nurul	PERSON
Pilgub	EVENT
Pileg	EVENT
partai	ORGANIZATION
Nurul	PERSON
Menkokesra	PERSON
Agung	PERSON
Laksono	PERSON
Partai	ORGANIZATION
Golkar	ORGANIZATION
Golkar	ORGANIZATION
Agung	PERSON
Golkar	ORGANIZATION
Aburizal	PERSON
Bakrie	PERSON
Agung	PERSON
Tribunnews.com	ORGANIZATION
Kompleks	LOCATION
Istana	LOCATION
Negara	LOCATION
Jakarta	LOCATION
Selasa	TIME
Jumat [17/2/2023]	TIME
Senin (20/2/2023)	TIME
Lingkaran	ORGANIZATION
Survei	ORGANIZATION
Indonesia	LOCATION
LSI	ORGANIZATION
LSI	ORGANIZATION
Ardian	PERSON
Sofa	PERSON
LSI	ORGANIZATION
Kantor	LOCATION
Lingkaran	LOCATION
Survei	LOCATION
Indonesia	LOCATION
Jl	LOCATION
Pramuka	LOCATION
Jakarta	LOCATION
Timur	LOCATION
Selasa	TIME
Lucky	PERSON
Hakim	PERSON
Gibran 	PERSON
Rabuming	PERSON
Raka	PERSON
PDI	ORGANIZATION
Perjuangan	ORGANIZATION
Guruh	PERSON
Soekarnoputra	PERSON
Suhardi	PERSON
Rumah	LOCATION
Sakit	LOCATION
Pusat	LOCATION
Pertamina	LOCATION
Jakarta	LOCATION
Pusat	LOCATION
Suhardi	PERSON
Guruh	PERSON
Suhardi	PERSON
RSPP	LOCATION
Jakarta	LOCATION
Selasa	TIME
Agustus	TIME
2014	TIME
Guruh	PERSON
Fakultas	ORGANIZATION
Kehutanan	ORGANIZATION
Universitas	ORGANIZATION
Gadjah	ORGANIZATION
Mada	ORGANIZATION
Suhardi	PERSON
Partai	ORGANIZATION
Gerindra	ORGANIZATION
Suhardi	PERSON
Dekan	ORGANIZATION
Fakultas	ORGANIZATION
Kehutanan	ORGANIZATION
UGM	ORGANIZATION
Andi	PERSON
Widjajanto	PERSON
Joko	PERSON
Widodo	PERSON
Partai	ORGANIZATION
NasDem	ORGANIZATION
H.	PERSON
M.	PERSON
Joko	PERSON
Widodo	PERSON
Andi	PERSON
Tempo	ORGANIZATION
Jakarta	LOCATION
Kamis	TIME
November	TIME
2014	TIME
Andi	PERSON
Prasetyo	PERSON
Basrief	PERSON
Arief	PERSON
Andi	PERSON
Jokowi	PERSON
Prasetyo	PERSON
Istana	LOCATION
Negara	LOCATION
Prasetyo	PERSON
Partai	ORGANIZATION
NasDem	ORGANIZATION
DPR	ORGANIZATION
2014	TIME
2019	TIME
Jawa	LOCATION
Tengah	LOCATION
II	LOCATION
Prasetyo	PERSON
Dewan	ORGANIZATION
Perwakilan	ORGANIZATION
Rakyat	ORGANIZATION
Prasetyo	PERSON
2005	TIME
2006	TIME
PDIP	ORGANIZATION
NasDem	ORGANIZATION
Surya	PERSON
Paloh	PERSON
Prasetyo	PERSON
Indonesia	ORGANIZATION
Corruption	ORGANIZATION
Watch	ORGANIZATION
Prasetyo	PERSON
Kepala	ORGANIZATION
Pusat	ORGANIZATION
Pelaporan	ORGANIZATION
dan	ORGANIZATION
Analisis	ORGANIZATION
Transaksi	ORGANIZATION
Keuangan	ORGANIZATION
Muhammad	PERSON
Yusuf	PERSON
Kejaksaan	ORGANIZATION
Widyo	PERSON
Pramono	PERSON
Andhi	PERSON
Nirwanto	PERSON
Partai	ORGANIZATION
Keadilan	ORGANIZATION
Sejahtera	ORGANIZATION
Anis	PERSON
Matta	PERSON
PKS	ORGANIZATION
Anis	PERSON
Samarinda	LOCATION
Kalimantan	LOCATION
Timur	LOCATION
Selasa	TIME
PKS	ORGANIZATION
PKS	ORGANIZATION
Golkar	ORGANIZATION
PAN	ORGANIZATION
Hanura	ORGANIZATION
Aburizal	PERSON
Bakrie	PERSON
Hatta	PERSON
Rajasa	PERSON
Wiranto	PERSON
Prabowo	PERSON
Subianto	PERSON
Hatta	PERSON
Rajasa	PERSON
Firman	PERSON
Wijaya	PERSON
Komisi	ORGANIZATION
Pemilihan	ORGANIZATION
Umum	ORGANIZATION
Pengadilan	ORGANIZATION
Negeri	ORGANIZATION
Jakarta	ORGANIZATION
Pusat	ORGANIZATION
Firman	PERSON
KPU	ORGANIZATION
Prabowo	PERSON
Hatta	PERSON
Prabowo	PERSON
Hatta	PERSON
Mahkamah	ORGANIZATION
Konstitusi	ORGANIZATION
dan	ORGANIZATION
Dewan	ORGANIZATION
Kehormatan	ORGANIZATION
Penyelenggara	ORGANIZATION
Pemilu	ORGANIZATION
Firman	PERSON
Sabtu	TIME
Agustus	TIME
2014	TIME
Firman	PERSON
Firman	PERSON
Firman	PERSON
Prabowo	PERSON
Hatta	PERSON
PN	ORGANIZATION
Jakarta	ORGANIZATION
Pusat	ORGANIZATION
Mahkamah	ORGANIZATION
Konstitusi	ORGANIZATION
Dewan	ORGANIZATION
Kehormatan	ORGANIZATION
Penyelenggara	ORGANIZATION
Pemilu	ORGANIZATION
Firman	PERSON
Firman	PERSON
PN	ORGANIZATION
Jakarta	ORGANIZATION
Pusat	ORGANIZATION
Firman	PERSON
Mahkamah	ORGANIZATION
Konstitusi	ORGANIZATION
Firman	PERSON
Agustus	TIME
2014	TIME
KPU	ORGANIZATION
Joko	PERSON
Widodo	PERSON
Jusuf	PERSON
Kalla	PERSON
DKI	ORGANIZATION
Jakarta	ORGANIZATION
Partai	ORGANIZATION
Demokrat	ORGANIZATION
Ruhut	PERSON
Sitompul	PERSON
Joko	PERSON
Widodo	PERSON
Jokowi	PERSON
2014	TIME
2019	TIME
Jokowi	PERSON
Ruhut	PERSON
Tribunnews	ORGANIZATION
Minggu	TIME
2013	TIME
Ruhut	PERSON
Indonesia	LOCATION
Ruhut	PERSON
Jokowi	PERSON
PDI	ORGANIZATION
Perjuangan	ORGANIZATION
Ruhut	PERSON
Jokowi	PERSON
tahun	TIME
2014	TIME
KH	PERSON
Abdurrahman	PERSON
Wahid	PERSON
Gus	PERSON
Dur	PERSON
Pilpres	EVENT
2009	TIME
Gus	PERSON
Dur	PERSON
Jakarta	LOCATION
Selasa	TIME
Komisi	ORGANIZATION
Pemilihan	ORGANIZATION
Umum	ORGANIZATION
KPU	ORGANIZATION
tempat	LOCATION
pemungutan	LOCATION
suara	LOCATION
TPS	LOCATION
PKB	ORGANIZATION
Indonesia	LOCATION
Gus	PERSON
Dur	PERSON
PKB	ORGANIZATION
Muhaimin	PERSON
Iskandar	PERSON
pengadilan	LOCATION
Gus	PERSON
Dur	PERSON
Mahkamah	ORGANIZATION
Konstitusi	ORGANIZATION
pilpres	EVENT
Ketua	PERSON
Umum	PERSON
Partai	PERSON
Golkar	PERSON
Aburizal	PERSON
Bakrie	PERSON
Ketua	PERSON
Umum	PERSON
Partai	PERSON
NasDem	PERSON
Surya	PERSON
Paloh	PERSON
Wasekjen	PERSON
Golkar	PERSON
Tantowi	PERSON
Yahya	PERSON
Tantowi	PERSON
Gedung	LOCATION
DPR	LOCATION
Jakarta	LOCATION
Kamis	TIME
2013	TIME
Surya	PERSON
Paloh	PERSON
Ical	PERSON
Tantowi	PERSON
Aburizal	PERSON
Bakrie	PERSON
Suryo	PERSON
Palih	PERSON
Anggota	PERSON
Komisi	PERSON
I	PERSON
DPR	PERSON
Aburizal	PERSON
Bakrie	PERSON
Golkar	ORGANIZATION
Partai	ORGANIZATION
Golongan	ORGANIZATION
Karya	ORGANIZATION
Dewan	ORGANIZATION
Perwakilan	ORGANIZATION
Rakyat	ORGANIZATION
Dewan	ORGANIZATION
Pembina	ORGANIZATION
Partai	ORGANIZATION
Demokrat	ORGANIZATION
Ahmad	PERSON
Mubarok	PERSON
Partai	ORGANIZATION
Beringin	ORGANIZATION
Tempo	ORGANIZATION
Senin	TIME
April	TIME
2012	TIME
Golkar	ORGANIZATION
Golkar	ORGANIZATION
Golkar	ORGANIZATION
Golkar	ORGANIZATION
Fraksi	ORGANIZATION
Partai	ORGANIZATION
Demokrat	ORGANIZATION
PKS	ORGANIZATION
Mubarok	PERSON
Golkar	ORGANIZATION
Partai	ORGANIZATION
Demokrat	ORGANIZATION
Partai	ORGANIZATION
Demokrat	ORGANIZATION
Golkar	ORGANIZATION
Demokrat	ORGANIZATION
PKS	ORGANIZATION
Mubarok	PERSON
Ketua	PERSON
Umum	PERSON
Partai	PERSON
Golkar	PERSON
Aburizal	PERSON
Bakrie	PERSON
Presiden	PERSON
SBY	PERSON
Universitas	ORGANIZATION
Negeri	ORGANIZATION
Jakarta	ORGANIZATION
UNJ	ORGANIZATION
Ubedillah	PERSON
Badrun	PERSON
PPP	ORGANIZATION
Ubedillah	PERSON
Rabu	TIME
2014	TIME
Yasonna	PERSON
H	PERSON
Laoly	PERSON
PPP	ORGANIZATION
Yasonna	PERSON
Golkar	ORGANIZATION
Kemayoran	LOCATION
Jakarta	LOCATION
Pusat	LOCATION
Selasa	TIME
malam	TIME
PDIP	ORGANIZATION
PPP	ORGANIZATION
Romahurmuziy	PERSON
Jokowi	PERSON
PPP	ORGANIZATION
Didik	PERSON
Mukriyanto	PERSON
DPR	ORGANIZATION
RI	ORGANIZATION
Didik	PERSON
Gedung	LOCATION
DPR	LOCATION
RI	LOCATION
Jakarta	LOCATION
Rabu	TIME
Didik	PERSON
Didik	PERSON
Partai	ORGANIZATION
Demokrasi	ORGANIZATION
Indonesia	ORGANIZATION
Perjuangan	ORGANIZATION
PDIP	ORGANIZATION
Joko	PERSON
Widodo	PERSON
Ketua	PERSON
Umum	PERSON
Gerindra	PERSON
Prabowo	PERSON
Subianto	PERSON
Istana	LOCATION
Bogor	LOCATION
Wakil	PERSON
Sekretaris	PERSON
Jenderal	PERSON
PDIP	PERSON
Ahmad	PERSON
Basarah	PERSON
Kamis	TIME
2015	TIME
Basarah	PERSON
Gerindra	ORGANIZATION
Budi	PERSON
Gunawan	PERSON
Basarah	PERSON
Komisi	ORGANIZATION
III	ORGANIZATION
DPR	ORGANIZATION
RI	ORGANIZATION
Gerindra	ORGANIZATION
Budi	PERSON
Gunawan	PERSON
Jokowi	PERSON
Budi	PERSON
Gunawan	PERSON
Gerindra	ORGANIZATION
KMP	ORGANIZATION
Jokowi	PERSON
Basarah	PERSON
Basarah	PERSON
Dewan	ORGANIZATION
Pimpinan	ORGANIZATION
Daerah	ORGANIZATION
Partai	ORGANIZATION
Demokrat	ORGANIZATION
Bali	LOCATION
KLB	EVENT
Maret	TIME
DPD	ORGANIZATION
Partai	ORGANIZATION
Demokrat	ORGANIZATION
Bali	ORGANIZATION
I	PERSON
Made	PERSON
Mudharta	PERSON
Made	PERSON
Partai	ORGANIZATION
Demokrat	ORGANIZATION
DPD	ORGANIZATION
Made	PERSON
Made	PERSON
Demokrat	ORGANIZATION
Made	PERSON
Dewan	ORGANIZATION
Pimpinan	ORGANIZATION
Pusat	ORGANIZATION
Partai	ORGANIZATION
Demokrat	ORGANIZATION
Bali	LOCATION
Denpasar	LOCATION
Made	PERSON
Made	PERSON
Bali	LOCATION
Bali	LOCATION
Made	PERSON
PDIP	ORGANIZATION
Ganjar	PERSON
Pranowo	PERSON
BPK	ORGANIZATION
Bank	ORGANIZATION
Century	ORGANIZATION
Ganjar	PERSON
Tempo	ORGANIZATION
Sabtu	TIME
malam	TIME
BPK	ORGANIZATION
Bank	ORGANIZATION
Century	ORGANIZATION
Ganjar	PERSON
Ganjar	PERSON
Akbar	PERSON
Tandjung	PERSON
Aburizal	PERSON
Bakrie	PERSON
Akbar	PERSON
Hotel	LOCATION
JS	LOCATION
Luwansa	LOCATION
Jakarta	LOCATION
Jumat	TIME
2013	TIME
Akbar	PERSON
Akbar	PERSON
Jumat	TIME
Hary	PERSON
Tanoesoedibyo	PERSON
Dewan	ORGANIZATION
Pimpinan	ORGANIZATION
Pusat	ORGANIZATION
Partai	ORGANIZATION
Nasional	ORGANIZATION
Demokrat	ORGANIZATION
DPD	ORGANIZATION
Partai	ORGANIZATION
NasDem	ORGANIZATION
Kabupaten	ORGANIZATION
Sumenep	ORGANIZATION
Jawa	LOCATION
Timur	LOCATION
DPD	ORGANIZATION
Nasdem	ORGANIZATION
Sumenep	LOCATION
Sufyan	PERSON
Absi	PERSON
Senin	TIME
Januari	TIME
2013	TIME
Sufyan	PERSON
Harry	PERSON
Tanoe	PERSON
partai	ORGANIZATION
NasDem	ORGANIZATION
partai	ORGANIZATION
NasDem	ORGANIZATION
2014	TIME
Harry	PERSON
Tanoe	PERSON
DPD	ORGANIZATION
NasDem	ORGANIZATION
Harry	PERSON
Tanoe	PERSON
partai	PERSON
NasDem	PERSON
Sufyan	PERSON
Sufyan	PERSON
DPP	ORGANIZATION
Partai	ORGANIZATION
NasDem	ORGANIZATION
2024	TIME
Jawa	LOCATION
Timur	LOCATION
Kabupaten	LOCATION
Sumenep	LOCATION
Harimurti	PERSON
2023	TIME
Fraksi	ORGANIZATION
PDI	ORGANIZATION
Perjuangan	ORGANIZATION
Yogyakarta	LOCATION
20/2/2023	TIME
17/05/2023	TIME
Yogyakarta	LOCATION
F	ORGANIZATION
PDIP	ORGANIZATION
Fraksi	ORGANIZATION
PDIP	ORGANIZATION
Tjahjo	PERSON
Kumolo	PERSON
Tribunnews.com	ORGANIZATION
Jakarta	LOCATION
Sabtu	TIME
2010	TIME
Tjahjo	PERSON
Yogyakarta	LOCATION
Sultan	PERSON
Hamengku	PERSON
Buwono	PERSON
X	PERSON
Yogyakarta	LOCATION
Tjahjo	PERSON
Politikus	PERSON
Demokrat	ORGANIZATION
Ruhut	PERSON
Sitompul	PERSON
Jokowi	PERSON
Jusuf	PERSON
Kalla	PERSON
AHY	PERSON
Ruhut	PERSON
Tempo	ORGANIZATION
Senin	TIME
Juni	TIME
2014	TIME
Pengawas	ORGANIZATION
Ruhut	PERSON
Pemilu	ORGANIZATION
Jokowi	PERSON
JK	PERSON
Ruhut	PERSON
Sitompul	PERSON
Jokowi	PERSON
Jokowi	PERSON
DKI	LOCATION
Jakarta	LOCATION
Ruhut	PERSON
Ibu	LOCATION
Kota	LOCATION
Jokowi	PERSON
Verrel	PERSON
tukang	PERSON
mebel	PERSON
Bramasta	PERSON
Ruhut	PERSON
Jokowi	PERSON
Ruhut	PERSON
Jokowi	PERSON
Sulawesi	LOCATION
Utara	LOCATION
Sulawesi	LOCATION
Selatan	LOCATION
Medan	LOCATION
Pekanbaru	LOCATION
Ruhut	PERSON
Persatuan	ORGANIZATION
Pembangunan	ORGANIZATION
PPP	ORGANIZATION
PPP	ORGANIZATION
Romahurmuziy	PERSON
Jokowi	PERSON
Jalan	LOCATION
Taman	LOCATION
Surapati	LOCATION
Menteng	LOCATION
Jakarta	LOCATION
Pusat	LOCATION
Sabtu	TIME
2014	TIME
Romahurmuziy	PERSON
Suharso	PERSON
Monoarfa	PERSON
Dewan	ORGANIZATION
Pimpinan	ORGANIZATION
Pusat	ORGANIZATION
PPP	ORGANIZATION
DKI	LOCATION
Jakarta	LOCATION
PPP	ORGANIZATION
Surabaya	LOCATION
Jumat	TIME
PPP	ORGANIZATION
2014	TIME
2019	TIME
Romahurmuziy	PERSON
Romahurmuziy	PERSON
PPP	ORGANIZATION
Angel	PERSON
Lelga	PERSON
Partai	ORGANIZATION
Persatuan	ORGANIZATION
Pembangunan	ORGANIZATION
Rhoma	PERSON
Irama	PERSON
Jawa	LOCATION
Tengah	LOCATION
PPP	ORGANIZATION
Badan	ORGANIZATION
Pemenangan	ORGANIZATION
Pemilu	ORGANIZATION
PPP	ORGANIZATION
Fernita	PERSON
Darwis	PERSON
PPP	ORGANIZATION
Angel	PERSON
Lelga	PERSON
Kabupaten	LOCATION
Boyolali	LOCATION
Kabupaten	LOCATION
Klaten	LOCATION
Kabupaten	LOCATION
Sukoharjo	LOCATION
Kota	LOCATION
Surakarta	LOCATION
Fernita	PERSON
PPP	ORGANIZATION
Kantor	LOCATION
Komisi	LOCATION
Pemilihan	LOCATION
Umum	LOCATION
KPU	LOCATION
Menteng	LOCATION
Jakarta	LOCATION
Pusat	LOCATION
Rabu	TIME
2013	TIME
Angel	PERSON
Lelga	PERSON
PPP	ORGANIZATION
PPP	ORGANIZATION
Mat	PERSON
Solar	PERSON
Syarif	PERSON
Kasim	PERSON
Rahman	PERSON
Yakub	PERSON
Ratih	PERSON
Sanggarwati	PERSON
Okky	PERSON
Asokawati	PERSON
Fernita	PERSON
PPP	ORGANIZATION
Angel	PERSON
Lelga	PERSON
Fernita	PERSON
Fernita	PERSON
Angel	PERSON
Fernita	PERSON
Angel	PERSON
Soesilo	PERSON
Bambang	PERSON
Yudhoyono	PERSON
istana	LOCATION
negara	LOCATION
Selasa	TIME
Yudhoyono	PERSON
Yudhoyono	PERSON
Golkar	ORGANIZATION
PKS	ORGANIZATION
PAN	ORGANIZATION
PPP	ORGANIZATION
PKB	ORGANIZATION
Demokrat	ORGANIZATION
2009	TIME
2014	TIME
Fraksi	ORGANIZATION
PKB	ORGANIZATION
Marwan	PERSON
Jafar	PERSON
DPR	ORGANIZATION
TNI	ORGANIZATION
Tentara	ORGANIZATION
Nasional	ORGANIZATION
Indonesia	ORGANIZATION
Marwan	PERSON
Gedung	LOCATION
DPR	LOCATION
Jakarta	LOCATION
Selasa	TIME
2013	TIME
Marwan	PERSON
Marwan	PERSON
KPU	ORGANIZATION
PKB	ORGANIZATION
Partai	ORGANIZATION
Golkar	ORGANIZATION
Agung	PERSON
Laksono	PERSON
Partai	ORGANIZATION
Demokrat	ORGANIZATION
PDI	ORGANIZATION
Perjuangan	ORGANIZATION
Agung	PERSON
Senin	TIME
Gedung	LOCATION
DPR	LOCATION
Jakarta	LOCATION
Agung	PERSON
Golkar	ORGANIZATION
PDI	ORGANIZATION
Perjuangan	ORGANIZATION
DPR	ORGANIZATION
Mahkamah	ORGANIZATION
Konstitusi	ORGANIZATION
Mahfud	PERSON
Md	PERSON
Partai	ORGANIZATION
Kebangkitan	ORGANIZATION
Bangsa	ORGANIZATION
PKB	ORGANIZATION
Muhamin	PERSON
Iskandar	PERSON
Wisma	LOCATION
Haji	LOCATION
Kota	LOCATION
Madiun	LOCATION
Jawa	LOCATION
Timur	LOCATION
Senin	TIME
Februari	TIME
2014	TIME
PKB	ORGANIZATION
Mahfud	PERSON
Md	PERSON
Jusuf	PERSON
Kalla	PERSON
Rhoma	PERSON
Irama	PERSON
Mahfud	PERSON
PKB	ORGANIZATION
Mahfud	PERSON
PKB	ORGANIZATION
Mahfud	PERSON
PKB	ORGANIZATION
Partai	ORGANIZATION
Demokrat	ORGANIZATION
Mahfud	PERSON
Muhaimin	PERSON
Iskandar	PERSON
Mahfud	PERSON
Md	PERSON
pendapa	LOCATION
Pemerintah	LOCATION
Kabupaten	LOCATION
Madiun	LOCATION
Bupati	PERSON
Muhtarom	PERSON
Mahfud	PERSON
kampus	LOCATION
Institut	LOCATION
Agama	LOCATION
Islam	LOCATION
Sunan	LOCATION
Giri	LOCATION
Ponorogo	LOCATION
DPD	ORGANIZATION
RI	ORGANIZATION
Djan	PERSON
Faridz	PERSON
Presiden	PERSON
SBY	PERSON
Suharso	PERSON
Monoarfa	PERSON
Djan	PERSON
Faridz	PERSON
DKI	LOCATION
Jakarta	LOCATION
Djan	PERSON
Faridz	PERSON
DKI	LOCATION
kantor	LOCATION
Presiden	LOCATION
Jakarta	LOCATION
Senin	TIME
2011	TIME
Djan	PERSON
Farid	PERSON
Sudi	PERSON
Silalahi	PERSON
PDI	ORGANIZATION
Perjuangan	ORGANIZATION
TB	PERSON
Hasanuddin	PERSON
PDIP	ORGANIZATION
Joko	PERSON
Widodo	PERSON
Polri	ORGANIZATION
Jokowi	PERSON
Budi	PERSON
Gunawan	PERSON
DPR	ORGANIZATION
Jokowi	PERSON
Badrodin	PERSON
Haiti	PERSON
PDI	ORGANIZATION
Perjuangan	ORGANIZATION
Megawati	PERSON
Soekarnoputri	PERSON
Jokowi	PERSON
PDIP	ORGANIZATION
Budi	PERSON
Gunawan	PERSON
Budi	PERSON
KPK	PERSON
Pengadilan	ORGANIZATION
Negeri	ORGANIZATION
Jakarta	ORGANIZATION
Selatan	ORGANIZATION
Budi	PERSON
PDIP	ORGANIZATION
Ahmad	PERSON
Basarah	PERSON
PDIP	ORGANIZATION
Jokowi	PERSON
PDIP	ORGANIZATION
Jokowi	PERSON
Ahmad	PERSON
Basarah	PERSON
Rabu	TIME
2015	TIME
Basarah	PERSON
Budi	PERSON
DPR	ORGANIZATION
Badrodin	PERSON
Haiti	PERSON
Jokowi	PERSON
Budi	PERSON
Gunawan	PERSON
Partai	ORGANIZATION
Amanat	ORGANIZATION
Nasional	ORGANIZATION
PAN	ORGANIZATION
Sulawesi	LOCATION
Selatan	LOCATION
PAN	ORGANIZATION
Zulkifli	PERSON
Hasan	PERSON
Ashabul	PERSON
Kahfi	PERSON
PAN	ORGANIZATION
Sulawesi	LOCATION
Selatan	LOCATION
Zulkifli	PERSON
Hasan	PERSON
PAN	ORGANIZATION
Rumah	LOCATION
Makan	LOCATION
Sariwangi	LOCATION
Makassar	LOCATION
Selasa	TIME
Desember	TIME
2014	TIME
Zulkifli	PERSON
Hasan	PERSON
PAN	ORGANIZATION
Sulawesi	LOCATION
Selatan	LOCATION
Zulkifli	PERSON
Fraksi	ORGANIZATION
PAN	ORGANIZATION
DPR	ORGANIZATION
Andi	PERSON
Taufan	PERSON
Tiro	PERSON
Indira	PERSON
Chunda	PERSON
Thita	PERSON
Yandri	PERSON
Susanto	PERSON
PAN	ORGANIZATION
Zulkifli	PERSON
PAN	ORGANIZATION
se	LOCATION
Sulawesi	LOCATION
Selatan	LOCATION
Zulkifli	PERSON
Zulkifli	PERSON
Partai	ORGANIZATION
Demokrat	ORGANIZATION
Anas	PERSON
Urbaningrum	PERSON
Adnan	PERSON
Buyung	PERSON
Nasution	PERSON
Adnan	PERSON
Majelis	ORGANIZATION
Hakim	ORGANIZATION
Pengadilan	ORGANIZATION
Tindak	ORGANIZATION
Pidana	ORGANIZATION
Korupsi	ORGANIZATION
Jakarta	LOCATION
Neneng	PERSON
Sri	PERSON
Wahyuni	PERSON
Yulianis	PERSON
Oktarina	PERSON
Putri	PERSON
Neneng	PERSON
Yulianis	PERSON
Oktarina	PERSON
Haswandi	PERSON
Haswandi	PERSON
Partai	ORGANIZATION
Demokrat	ORGANIZATION
Partai	ORGANIZATION
Keadilan	ORGANIZATION
Sejahtera	ORGANIZATION
Demokrat	ORGANIZATION
Partai	ORGANIZATION
Demokrat	ORGANIZATION
Sutan	PERSON
Bhatoegana	PERSON
Jakarta	LOCATION
Sabtu	TIME
2011	TIME
Sutan	PERSON
PKS	ORGANIZATION
Susilo	PERSON
Bambang	PERSON
Yudhoyono	PERSON
PKS	ORGANIZATION
Sutan	PERSON
PKS	ORGANIZATION
Partai	ORGANIZATION
Persatuan	ORGANIZATION
Pembangunan	ORGANIZATION
PPP	ORGANIZATION
Suryadharma	PERSON
Ali	PERSON
PPP	ORGANIZATION
DPP	ORGANIZATION
PPP	ORGANIZATION
Hotel	LOCATION
Preanger	LOCATION
Kota	LOCATION
Bandung	LOCATION
Jawa	LOCATION
Barat	LOCATION
Jumat	TIME
2014	TIME
Suryadharma	PERSON
Ali	PERSON
PPP	ORGANIZATION
PPP	ORGANIZATION
2014	TIME
Mahkamah	ORGANIZATION
Konstitusi	ORGANIZATION
MK	ORGANIZATION
Mahfud	PERSON
MD	PERSON
Partai	ORGANIZATION
Golkar	ORGANIZATION
Jusuf	PERSON
Kalla	PERSON
Sabuga	LOCATION
kota	LOCATION
Bandung	LOCATION
Marwan	PERSON
Ja'far	PERSON
Partai	ORGANIZATION
Kedaulatan	ORGANIZATION
Bangsa	ORGANIZATION
PKB	ORGANIZATION
Indonesia	ORGANIZATION
Marwan	PERSON
Jakarta	LOCATION
Selasa	TIME
2011	TIME
Marwan	PERSON
PKB	ORGANIZATION
Marwan	PERSON
Yenny	PERSON
Wahid	PERSON
Gus	PERSON
Dur	PERSON
Marwan	PERSON
Yenny	PERSON
Wahid	PERSON
PKB	ORGANIZATION
Indonesia	ORGANIZATION
Kementerian	ORGANIZATION
Hukum	ORGANIZATION
dan	ORGANIZATION
HAM	ORGANIZATION
Yenny	PERSON
Wahid	PERSON
Syafrin	PERSON
Romas	PERSON
Imron	PERSON
Hamid	PERSON
Eva	PERSON
Sundari	PERSON
Jl	LOCATION
Wahid	LOCATION
Hasyim	LOCATION
Jakarta	LOCATION
Selasa	TIME
Serikat	ORGANIZATION
Petani	ORGANIZATION
Indonesia	ORGANIZATION
Eva	PERSON
Kediri	LOCATION
Jawa	LOCATION
Timur	LOCATION
Eva	PERSON
Eva	PERSON
Partai	ORGANIZATION
Persatuan	ORGANIZATION
Pembangunan	ORGANIZATION
PPP	ORGANIZATION
PPP	ORGANIZATION
Suryadharma	PERSON
Ali	PERSON
Suharso	PERSON
Manoarfa	PERSON
Irgan	PERSON
Chairul	PERSON
Mahfidz	PERSON
Irgan	PERSON
Jumat	TIME
2010	TIME
Gedung	LOCATION
DPR	LOCATION
Jakarta	LOCATION
Irgan	PERSON
Irgan	PERSON
Partai	ORGANIZATION
Demokrat	ORGANIZATION
Vena	PERSON
Melinda	PERSON
lingkungan	LOCATION
DPR	LOCATION
Vena	PERSON
Gedung	LOCATION
Nusantara	LOCATION
II	LOCATION
komplek	LOCATION
DPR	LOCATION
Jakarta	TIME
Selasa	TIME
2012	TIME
Vena	PERSON
Gedung	LOCATION
DPR	LOCATION
Vena	PERSON
Vena	PERSON
DPR	ORGANIZATION
RI	ORGANIZATION
Vena	PERSON
DPR	ORGANIZATION
Susilo	PERSON
Bambang	PERSON
Yudhoyono	PERSON
SBY	PERSON
Presiden	PERSON
SBY	PERSON
Idrus	PERSON
Marham	PERSON
Gedung	LOCATION
DPR	LOCATION
Jakarta	LOCATION
Senin	TIME
2011	TIME
Idrus	PERSON
Golkar	ORGANIZATION
Idrus	PERSON
Presiden	PERSON
SBY	PERSON
Golkar	ORGANIZATION
Badan	ORGANIZATION
Kehormatan	ORGANIZATION
Dewan	ORGANIZATION
Perwakilan	ORGANIZATION
Rakyat	ORGANIZATION
Presiden	PERSON
Susilo	PERSON
Bambang	PERSON
Yudhoyono	PERSON
Dahlan	PERSON
Iskan	PERSON
Badan	ORGANIZATION
Kehormatan	ORGANIZATION
Dahlan	PERSON
Iskan	PERSON
Muhammad	PERSON
Prakosa	PERSON
kompleks	LOCATION
DPR	LOCATION
Senayan	LOCATION
Kamis	TIME
Desember	TIME
2012	TIME
BK	ORGANIZATION
Presiden	PERSON
SBY	PERSON
SBY	PERSON
Dahlan	PERSON
Dahlan	PERSON
Iskan	PERSON
Badan	ORGANIZATION
Kehormatan	ORGANIZATION
Dahlan	PERSON
Dahlan	PERSON
Iskan	PERSON
Badan	ORGANIZATION
Kehormatan	ORGANIZATION
Prakosa	PERSON
BK	ORGANIZATION
Dahlan	PERSON
Andi	PERSON
Timo	PERSON
Pangerang	PERSON
Muhammad	PERSON
Hatta	PERSON
M	PERSON
Ichlas	PERSON
El	PERSON
Qudsi	PERSON
Didi	PERSON
Irawadi	PERSON
Syamsuddin	PERSON
Partai	ORGANIZATION
Golkar	ORGANIZATION
Didi	PERSON
restoran	LOCATION
Gadogado	LOCATION
Boplo	LOCATION
Jakarta	LOCATION
Sabtu	TIME
Desember	TIME
2014	TIME
Pilkada	EVENT
Didi	PERSON
Aburizal	PERSON
Prabowo	PERSON
Subianto	PERSON
Susilo	PERSON
Bambang	PERSON
Yudhoyono	PERSON
Irawadi	PERSON
Didi	PERSON
Aburizal	PERSON
Dewan	ORGANIZATION
Perwakilan	ORGANIZATION
Rakyat	ORGANIZATION
Pilkada	EVENT
Didi	PERSON
pilkada	EVENT
Golkar	ORGANIZATION
Susilo	PERSON
Bambang	PERSON
Yudhoyono	PERSON
Partai	ORGANIZATION
Golkar	ORGANIZATION
Demokrat	ORGANIZATION
Golkar	ORGANIZATION
SBY	PERSON
Joko	PERSON
Widodo	PERSON
pilkada	EVENT
Januari	TIME
Partai	ORGANIZATION
Kebangkitan	ORGANIZATION
Bangsa	ORGANIZATION
PKB	ORGANIZATION
Muhaimin	PERSON
Iskandar	PERSON
Joko	PERSON
Widodo	PERSON
Jokowi	PERSON
Cak	PERSON
Imin	PERSON
PKB	ORGANIZATION
Jokowi	PERSON
Cak	PERSON
Imin	PERSON
Hotel	LOCATION
Grand	LOCATION
Sahid	LOCATION
Jaya	LOCATION
Sudirman	LOCATION
Jakarta	LOCATION
Pusat	LOCATION
Senin	TIME
2014	TIME
Jokowi	PERSON
Cak	PERSON
Imin	PERSON
Jokowi	PERSON
Partai	ORGANIZATION
Golkar	ORGANIZATION
Siswono	PERSON
Yudo	PERSON
Husodo	PERSON
Golkar	ORGANIZATION
Siswono	PERSON
Golkar	ORGANIZATION
Joko	PERSON
Widodo	PERSON
Jusuf	PERSON
Kalla	PERSON
Siswono	ORGANIZATION
Gedung	LOCATION
DPR	LOCATION
RI	LOCATION
Senayan	LOCATION
Jakarta	LOCATION
Rabu	TIME
2014	TIME
Golkar	ORGANIZATION
Siswono	PERSON
Golkar	ORGANIZATION
Partai	ORGANIZATION
Gerakan	ORGANIZATION
Indonesia	ORGANIZATION
Raya	ORGANIZATION
Partai	ORGANIZATION
Persatuan	ORGANIZATION
Pembangunan	ORGANIZATION
Partai	ORGANIZATION
Amanat	ORGANIZATION
Nasional	ORGANIZATION
Partai	ORGANIZATION
Keadilan	ORGANIZATION
Sejahtera	ORGANIZATION
Prabowo	PERSON
Subianto	PERSON
Hatta	PERSON
Rajasa	PERSON
Komisi	ORGANIZATION
Pemilihan	ORGANIZATION
Umum	ORGANIZATION
KPU	ORGANIZATION
Joko	PERSON
Widodo	PERSON
Kalla	PERSON
Juli	TIME
2014	TIME
Prabowo	PERSON
Hatta	PERSON
Mahkamah	ORGANIZATION
Konstitusi	ORGANIZATION
MK	ORGANIZATION
Kamis	TIME
2014	TIME
Badan	ORGANIZATION
Kehormatan	ORGANIZATION
Dewan	ORGANIZATION
Perwakilan	ORGANIZATION
Rakyat	ORGANIZATION
DPR	ORGANIZATION
PPATK	ORGANIZATION
DPR	ORGANIZATION
Pramono	PERSON
Anung	PERSON
gedung	LOCATION
DPR	LOCATION
Selasa	TIME
September	TIME
2011	TIME
PPATK	ORGANIZATION
Pramono	PERSON
DPR	ORGANIZATION
PPATK	ORGANIZATION
Kamis	TIME
Badan	ORGANIZATION
Anggaran	ORGANIZATION
DPR	ORGANIZATION
DPR	ORGANIZATION
Kamis	TIME
DPR	ORGANIZATION
Tempo	ORGANIZATION
Senayan	LOCATION
Ketua	ORGANIZATION
DPR	ORGANIZATION
Badan	ORGANIZATION
Kehormatan	ORGANIZATION
Badan	ORGANIZATION
Anggaran	ORGANIZATION
Fraksi	ORGANIZATION
Partai	ORGANIZATION
Amanat	ORGANIZATION
Nasional	ORGANIZATION
Wa	PERSON
Ode	PERSON
Nurhayati	PERSON
DPR	ORGANIZATION
Wa	PERSON
Ode	PERSON
DPR	ORGANIZATION
Pramono	PERSON
PPATK	ORGANIZATION
pimpinan	ORGANIZATION
DPR	ORGANIZATION
Badan	ORGANIZATION
Kehormatan	ORGANIZATION
Badan	ORGANIZATION
Kehormatan	ORGANIZATION
Partai	ORGANIZATION
Golkar	ORGANIZATION
Sekretariat	ORGANIZATION
Gabungan	ORGANIZATION
Sekertaris	ORGANIZATION
tim	ORGANIZATION
Bidang	ORGANIZATION
Politik	ORGANIZATION
DPP	ORGANIZATION
Partai	ORGANIZATION
Golkar	ORGANIZATION
Agun	PERSON
Gunanjar	PERSON
Sudarsa	PERSON
DPR	LOCATION
Kamis	TIME
2011	TIME
Agun	PERSON
Agun	PERSON
DPR	ORGANIZATION
Ida	PERSON
Fauziah	PERSON
DPR	ORGANIZATION
DPR	ORGANIZATION
Senin	TIME
2011	TIME
Bambang	PERSON
Widjojanto	PERSON
Bambang	PERSON
SBY	PERSON
Yogya	LOCATION
Sultan	PERSON
Hamengkubuwono	PERSON
X	PERSON
Presiden	PERSON
SBY	PERSON
Istana	LOCATION
Jogja	LOCATION
Sudirman	PERSON
Said	PERSON
Rini	PERSON
Soemarno	PERSON
Sofyan	PERSON
Djalil	PERSON
Rini	PERSON
Megawati	PERSON
Andi	PERSON
SBY	PERSON
Bu	PERSON
Ani	PERSON
Marzuki	PERSON
Alie	PERSON
Bu	PERSON
Ani	PERSON
DPR	ORGANIZATION
DPR	ORGANIZATION
Ahmad	PERSON
Heryawan	PERSON
Dede	PERSON
Yusuf	PERSON
DPP	ORGANIZATION
DPP	ORGANIZATION
DPD	ORGANIZATION
DPD	ORGANIZATION
2015	TIME
DPD	ORGANIZATION
DPD	ORGANIZATION
Munas	ORGANIZATION
DPD	ORGANIZATION
DPD	ORGANIZATION
2015	TIME
PPP	ORGANIZATION
MPR	ORGANIZATION
PPP	ORGANIZATION
KIH	ORGANIZATION
Angel	PERSON
Angel	PERSON
Nazaruddin	PERSON
Jokowi	PERSON
Partai	ORGANIZATION
Demokrat	ORGANIZATION
Gaza	LOCATION
Hamas	ORGANIZATION
Hamas	ORGANIZATION
Medan	LOCATION
Merdeka	LOCATION
Barat	LOCATION
Pileg	EVENT
Pilpres	EVENT
Pilpres	EVENT
Mesir	LOCATION
Indonesia	LOCATION
Indo	LOCATION
ï¿½	LOCATION
nesia	LOCATION
September	TIME
2014	TIME
Indonesia	LOCATION
Jepang	LOCATION
Qatar	LOCATION
gletser	LOCATION
Dyinghuhokull	LOCATION
Indonesia	LOCATION
OJK	ORGANIZATION
Partai	ORGANIZATION
Demokrat	ORGANIZATION
Prabowo	PERSON
Hatta	PERSON
SBY	PERSON
Partai	ORGANIZATION
Demokrat	ORGANIZATION
SBY	PERSON
Jokowi	PERSON
Jokowi	PERSON
SBY	PERSON
PD	ORGANIZATION
Jokowi	PERSON
PD	ORGANIZATION
HMI	ORGANIZATION
Medan	LOCATION
Afghanistan	LOCATION
1960	TIME
Oktober	TIME
KPK	ORGANIZATION
Indonesia	LOCATION
Asia	LOCATION
Suriah	LOCATION
Dataran	LOCATION
Tinggi	LOCATION
Golan	LOCATION
Indonesia	LOCATION
Raja	LOCATION
Ampat	LOCATION
OECD	ORGANIZATION
Indonesia	LOCATION
OECD	ORGANIZATION
Indonesia	LOCATION
Bambang	PERSON
Hidayat	PERSON
Mardjono	PERSON
Siswosuwarno	PERSON
Magnis	PERSON
Suseno	PERSON
Satrio	PERSON
Soemantri	PERSON
Brodjonegoro	PERSON
Roosseno	PERSON
Bandung	LOCATION
Prabowo	PERSON
Subianto	PERSON
Hatta	PERSON
Rajasa	PERSON
Jokowi	PERSON
Kalla	PERSON
Jokowi	PERSON
1945	TIME
Pantura	LOCATION
Jokowi	PERSON
BPH	ORGANIZATION
Migas	ORGANIZATION
Hamas	ORGANIZATION
Gaza	LOCATION
Indonesia	LOCATION
Gaza	LOCATION
Indonesia	LOCATION
Indonesia	LOCATION
Arab	LOCATION
SPBU	LOCATION
SBY	PERSON
BPH	ORGANIZATION
Migas	ORGANIZATION
Jokowi	PERSON
Indonesia	LOCATION
Jokowi	PERSON
Desember	TIME
BPH	ORGANIZATION
Migas	ORGANIZATION
Desember	TIME
Amazon	LOCATION
Hawaii	LOCATION
Charles	PERSON
Darwin	PERSON
Madrid	LOCATION
Spanyol	LOCATION
Berlin	LOCATION
Jerman	LOCATION
Eropa	LOCATION
2015	TIME
Senin	TIME
Balikpapan	LOCATION
Angkasa	ORGANIZATION
Pura	ORGANIZATION
I	ORGANIZATION
Balikpapan	LOCATION
Tiongkok	LOCATION
Indonesia	LOCATION
Indonesia	LOCATION
ASEAN	LOCATION
Tiongkok	LOCATION
Tiongkok	LOCATION
Bali	LOCATION
Tiongkok	LOCATION
Bali	LOCATION
Indonesia	LOCATION
Darfur	LOCATION
Toledo	LOCATION
Tucson	LOCATION
Topeka	LOCATION
Indonesia	LOCATION
Fahmi	PERSON
PT	ORGANIZATION
Indosat	ORGANIZATION
Tbk	ORGANIZATION
Indosat	ORGANIZATION
Nabire	LOCATION
Surabaya	LOCATION
Depkominfo	ORGANIZATION
Telkom	ORGANIZATION
Timtas	ORGANIZATION
Tipikor	ORGANIZATION
Hendarman	PERSON
Supandji	PERSON
Kejaksaan	ORGANIZATION
Agung	ORGANIZATION
Kejagung	ORGANIZATION
Jl	LOCATION
Hasanuddin	LOCATION
Jakarta	LOCATION
Selatan	LOCATION
Telkom	ORGANIZATION
Tanri	PERSON
Abeng	PERSON
Telkomsel	ORGANIZATION
Indosat	ORGANIZATION
XL	ORGANIZATION
PT	ORGANIZATION
Indosat	ORGANIZATION
Tbk	ORGANIZATION
Hasnul	PERSON
Suhaemi	PERSON
StarOne	ORGANIZATION
StarOne	ORGANIZATION
Flexi	ORGANIZATION
PT	ORGANIZATION
Telkom	ORGANIZATION
Astratel	ORGANIZATION
PT	ORGANIZATION
Telkom	ORGANIZATION
Tbk	ORGANIZATION
Sumatera	LOCATION
Pramindo	ORGANIZATION
Ikat	ORGANIZATION
Nusantara	ORGANIZATION
Telkom	ORGANIZATION
Uya	PERSON
Kuya	PERSON
Rahmat	PERSON
PT	ORGANIZATION
Barito	ORGANIZATION
Pacific	ORGANIZATION
Timber	ORGANIZATION
Bagja	PERSON
Eko	PERSON
2022	TIME
Seputar	ORGANIZATION
Indonesia	ORGANIZATION
Patrio	PERSON
Agustus	TIME
2005	TIME
Arwin	PERSON
Rasyid	PERSON
Telkom	ORGANIZATION
2025	TIME
PT	ORGANIZATION
Komselindo	ORGANIZATION
2026	TIME
2027	TIME
2028	TIME
PT	ORGANIZATION
Telkom	ORGANIZATION
Tbk	ORGANIZATION
Jhon	PERSON
Welly	PERSON
Telkom	ORGANIZATION
Rochiman	PERSON
Sukarno	PERSON
Rabu	TIME
2006	TIME
Telkom	ORGANIZATION
2005	TIME
2004	TIME
Teguh	PERSON
Samudera	PERSON
PT	ORGANIZATION
Telkom	ORGANIZATION
Guntur	PERSON
Siregar	PERSON
Jawa	LOCATION
Barat	LOCATION
Edi	PERSON
Darnadi	PERSON
Lembang	LOCATION
Jawa	LOCATION
Barat	LOCATION
Rabu	TIME
Telkom	ORGANIZATION
Eddy	PERSON
Telkom	ORGANIZATION
Eddy	PERSON
Telkom	ORGANIZATION
Desember	TIME
2006	TIME
Telkom	ORGANIZATION
Muhammad	PERSON
Awaluddin	PERSON
detikINET	ORGANIZATION
Telkom	ORGANIZATION
Inter	ORGANIZATION
Rudiger	PERSON
Football	ORGANIZATION
Italia	ORGANIZATION
Roma	ORGANIZATION
Bologna	ORGANIZATION
Atalanta	ORGANIZATION
Torino	ORGANIZATION
Napoli	ORGANIZATION
Genoa	ORGANIZATION
Chievo	ORGANIZATION
AC	ORGANIZATION
Milan	ORGANIZATION
Stuttgart	ORGANIZATION
Roma	LOCATION
Jakarta	LOCATION
Westley	PERSON
Nathan	PERSON
Morgan	PERSON
Meadows	LOCATION
Nottingham	LOCATION
Inggris	LOCATION
Leicester	ORGANIZATION
Southampton	ORGANIZATION
King	LOCATION
Power	LOCATION
Stadium	LOCATION
April	TIME
The	ORGANIZATION
Foxes	ORGANIZATION
Morgan	PERSON
Morgan	PERSON
Ranieri	PERSON
Morgan	PERSON
Si	ORGANIZATION
Rubah	ORGANIZATION
Squawka	ORGANIZATION
Morgan	PERSON
Leicester	ORGANIZATION
Sergio	PERSON
Ag	PERSON
ero	PERSON
Harry	PERSON
Kane	PERSON
Diego	PERSON
Costa	PERSON
Leicester	LOCATION
Leicester	ORGANIZATION
Vardy	PERSON
Mahrez	PERSON
Kante	PERSON
Drinkwater	PERSON
Morgan	PERSON
Vardy	PERSON
Morgan	PERSON
Morga	PERSON
Notts	ORGANIZATION
County	ORGANIZATION
Morgan	PERSON
Dunkirk	ORGANIZATION
South	ORGANIZATION
Notts	ORGANIZATION
College	ORGANIZATION
Arsenal	ORGANIZATION
Manchester	ORGANIZATION
City	ORGANIZATION
Manchester	ORGANIZATION
United	ORGANIZATION
MU	ORGANIZATION
MU	ORGANIZATION
Spurs	ORGANIZATION
Manchester	ORGANIZATION
United	ORGANIZATION
Spurs	ORGANIZATION
MU	ORGANIZATION
Spurs	ORGANIZATION
White	LOCATION
Hart	LOCATION
Lane	LOCATION
Spurs	ORGANIZATION
MU	ORGANIZATION
Glenn	PERSON
Hoddle	PERSON
London	LOCATION
Harry	PERSON
Kane	PERSON
Tottenham	LOCATION
Spurs	ORGANIZATION
MU	ORGANIZATION
Anthony	PERSON
Martial	PERSON
MU	ORGANIZATION
MU	ORGANIZATION
September	TIME
2013	TIME
Christian	PERSON
Eriksen	PERSON
Mesut	PERSON
Oezil	PERSON
Jakarta	LOCATION
Leicester	ORGANIZATION
City	ORGANIZATION
Tottenham	ORGANIZATION
Hotspur	ORGANIZATION
Spurs	ORGANIZATION
Liverpool	LOCATION
Manchester	ORGANIZATION
United	ORGANIZATION
Arsenal	ORGANIZATION
West	ORGANIZATION
Ham	ORGANIZATION
United	ORGANIZATION
Stoke	ORGANIZATION
Liverpool	LOCATION
Anfield	LOCATION
Chelsea	ORGANIZATION
Swansea	ORGANIZATION
City	ORGANIZATION
London	LOCATION
Arsenal	ORGANIZATION
Arsenal	ORGANIZATION
Arsenal	ORGANIZATION
Leicester	LOCATION
Leicester	LOCATION
Tottenham	LOCATION
Leicester	LOCATION
Tottenham	ORGANIZATION
Leicester	LOCATION
Leicester	LOCATION
Tavecchio	PERSON
Munich	LOCATION
Antonio	PERSON
Conte	PERSON
Arturo	PERSON
Vidal	PERSON
Chelsea	ORGANIZATION
Bayern	ORGANIZATION
Munich	ORGANIZATION
Yusril	PERSON
Depok	ORGANIZATION
Jawa	ORGANIZATION
Barat	ORGANIZATION
Sabtu	TIME
2016	TIME
Anoeta	LOCATION
Mei	TIME
2007	TIME
Sociedad	ORGANIZATION
Barca	ORGANIZATION
Liga	ORGANIZATION
Champions	ORGANIZATION
Atletico	ORGANIZATION
Madrid	LOCATION
Espanyol	ORGANIZATION
Atletico	ORGANIZATION
Espanyol	ORGANIZATION
Ahok	PERSON
DKI	LOCATION
Madrid	LOCATION
Nil	PERSON
Maizar	PERSON
Semen	ORGANIZATION
Padang	ORGANIZATION
PSSI	ORGANIZATION
Mei	TIME
Payakumbuh	LOCATION
Sumatera	LOCATION
Barat	LOCATION
Indonesia	LOCATION
Adhoc	ORGANIZATION
FIFA	ORGANIZATION
PSSI	ORGANIZATION
Indonesia	LOCATION
Argentina	LOCATION
Austin	LOCATION
Lorenzo	PERSON
Jembatan	LOCATION
Baturusa	LOCATION
II	LOCATION
Sungai	LOCATION
Ketapang	LOCATION
Asia	LOCATION
Tenggara	LOCATION
Jurgen	PERSON
Klopp	PERSON
Liverpool	LOCATION
Borussia	ORGANIZATION
Dortmund	ORGANIZATION
tujuh	TIME
tahun	TIME
Klopp	PERSON
Die	PERSON
Borussen	PERSON
Jerman	LOCATION
2012	TIME
2013	TIME
Bayern	ORGANIZATION
Munich	ORGANIZATION
UEFA	ORGANIZATION
Kroos	PERSON
Jerman	LOCATION
Vieirinha	PERSON
Pertugal	LOCATION
Los	ORGANIZATION
Blancos	ORGANIZATION
Tontowi	PERSON
Lilyana	PERSON
Indonesia	LOCATION
Lee	PERSON
Yong	PERSON
Dae	PERSON
Yoo	PERSON
Yeon	PERSON
Seong	PERSON
Korsel	LOCATION
Li	PERSON
Junhui	PERSON
Liu	PERSON
Yuchen	PERSON
China	LOCATION
Brasil	LOCATION
PSG	ORGANIZATION
Adrien	PERSON
Rabiot	PERSON
Zlatan	PERSON
Ibrahimovic	PERSON
Prancis	LOCATION
UEFA	ORGANIZATION
Barcelona	ORGANIZATION
Ibra	PERSON
Hart	PERSON
City	ORGANIZATION
Jakarta	LOCATION
Paris	ORGANIZATION
Saint	ORGANIZATION
Germain	ORGANIZATION
Manchester	ORGANIZATION
City	ORGANIZATION
Les	ORGANIZATION
Parisiens	ORGANIZATION
Adrien	PERSON
Rabiot	PERSON
City	ORGANIZATION
Zlatan	PERSON
Ibrahimovic	PERSON
Rabiot	PERSON
Zlatan	PERSON
City	ORGANIZATION
Joe	PERSON
Hart	PERSON
Zlatan	PERSON
Angel	PERSON
Di	PERSON
Maria	PERSON
PSG	ORGANIZATION
Fernandinho	PERSON
Rabiot	PERSON
City	ORGANIZATION
Die	ORGANIZATION
Wolfe	ORGANIZATION
Los	ORGANIZATION
Blancos	ORGANIZATION
Zinedine	PERSON
Zidane	PERSON
Zidane	PERSON
UEFA	ORGANIZATION
Jakarta	LOCATION
Manuel	PERSON
Pellegrini	PERSON
Paris	ORGANIZATION
Saint	ORGANIZATION
Germain	ORGANIZATION
Parc	LOCATION
des	LOCATION
Princes	LOCATION
City	ORGANIZATION
City	ORGANIZATION
PSG	ORGANIZATION
The	ORGANIZATION
Citizens	ORGANIZATION
Dumbledore	PERSON
Harry	PERSON
Potter	PERSON
J.K.	PERSON
Rowling	PERSON
Remus	PERSON
Lupin	PERSON
Pellegrini	PERSON
Pellegrini	PERSON
Daily	ORGANIZATION
Star	ORGANIZATION
PSG	ORGANIZATION
The	ORGANIZATION
Citizens	ORGANIZATION
City	ORGANIZATION
City	ORGANIZATION
Chelsea	ORGANIZATION
Chelsea	ORGANIZATION
Paris	LOCATION
Zlatan	PERSON
Ibrahimovic	PERSON
Paris	ORGANIZATION
St.	ORGANIZATION
Germain	ORGANIZATION
Manchester	ORGANIZATION
City	ORGANIZATION
Ibra	PERSON
PSG	ORGANIZATION
City	ORGANIZATION
Parc	LOCATION
des	LOCATION
Princes	LOCATION
Ibra	PERSON
Joe	PERSON
Hart	PERSON
City	ORGANIZATION
Kevin	PERSON
de	PERSON
Bruyne	PERSON
Ibra	PERSON
Opta	PERSON
Swedia	LOCATION
PSG	ORGANIZATION
Ibrahimovic	PERSON
Shevchenko	PERSON
PSG	ORGANIZATION
Laurent	PERSON
Blanc	PERSON
Uefa.com	ORGANIZATION
Al	PERSON
Khelaifi	PERSON
PSG	ORGANIZATION
City	ORGANIZATION
Chile	LOCATION
Hart	PERSON
Wolfsburg	LOCATION
Madrid	LOCATION
Volkswagen	LOCATION
Arena	LOCATION
Madrid	LOCATION
Wolfsburg	LOCATION
Santiago	LOCATION
Bernabeu	LOCATION
Bayer	ORGANIZATION
Leverkusen	ORGANIZATION
Mainz	LOCATION
Madrid	LOCATION
Sagna	PERSON
Luiz	PERSON
Dortmund	ORGANIZATION
Given	PERSON
Volkswagen	LOCATION
Arena	LOCATION
Kamis	TIME
2016	TIME
dinihari	TIME
WIB	TIME
Wolfsburg	ORGANIZATION
Ricardo	PERSON
Rodriguez	PERSON
Maximilian	PERSON
Arnold	PERSON
Ronaldo	PERSON
Gareth	PERSON
Bale	PERSON
Madrid	ORGANIZATION
Casemiro	PERSON
Karim	PERSON
Benzema	PERSON
Wolfsburg	ORGANIZATION
Wolfsburg	ORGANIZATION
Andre	PERSON
Schuerrle	PERSON
Casemiro	PERSON
Madrid	ORGANIZATION
Marcelo	PERSON
Danilo	PERSON
Wolfsburg	ORGANIZATION
Wolfsburg	ORGANIZATION
Maximilian	PERSON
Arnold	PERSON
Schuerrle	PERSON
Navas	PERSON
Bale	PERSON
Madrid	ORGANIZATION
Wolfsburg	ORGANIZATION
Bale	PERSON
Madrid	LOCATION
Toni	PERSON
Kroos	PERSON
Bale	PERSON
Ronaldo	PERSON
Rodriguez	PERSON
Portugal	LOCATION
Benaglio	PERSON
Ronaldo	PERSON
Portugal	LOCATION
Madrid	LOCATION
Wolfsburg	LOCATION
Wolfsburg	LOCATION
Max	PERSON
Kruse	PERSON
Navas	PERSON
PSG	ORGANIZATION
Adrien	PERSON
Rabiot	PERSON
Hart	PERSON
The	ORGANIZATION
Citizens	ORGANIZATION
Etihad	LOCATION
Stadium	LOCATION
April	TIME
Angel	PERSON
Di	PERSON
Maria	PERSON
Blaise	PERSON
Matuidi	PERSON
Eliaquim	PERSON
Mangala	PERSON
Matuidi	PERSON
City	ORGANIZATION
Bacary	PERSON
Sagna	PERSON
David	PERSON
Luiz	PERSON
Serge	PERSON
Aurier	PERSON
Ibrahimovic	PERSON
Ibrahimovic	PERSON
PSG	ORGANIZATION
Ibrahimovic	PERSON
Fernando	PERSON
Hart	PERSON
Adrien	PERSON
Rabiot	PERSON
Dortmund	LOCATION
Juergen	PERSON
Klopp	PERSON
Liverpool	LOCATION
Borussia	ORGANIZATION
Dortmund	ORGANIZATION
Klopp	PERSON
Dortmund	LOCATION
Klopp	PERSON
Klopp	PERSON
Liverpool	LOCATION
Juergen	PERSON
Klopp	PERSON
Die	ORGANIZATION
Borussen	ORGANIZATION
Koeln	LOCATION
Bundesliga	ORGANIZATION
Desember	TIME
2015	TIME
Dortmund	LOCATION
Tottenham	ORGANIZATION
Hotspur	ORGANIZATION
The	ORGANIZATION
Reds	ORGANIZATION
Klopp	PERSON
Borussia	ORGANIZATION
Dortmund	ORGANIZATION
Liverpool	LOCATION
Klopp	PERSON
Tuchel	PERSON
Tuchel	PERSON
Mainz	LOCATION
Klopp	PERSON
Klopp	PERSON
Oktober	TIME
2010	TIME
Dortmund	ORGANIZATION
Mainz	ORGANIZATION
Dortmund	LOCATION
Anfield	LOCATION
Tuchel	PERSON
Sky	ORGANIZATION
Sports	ORGANIZATION
Tuchel	PERSON
Klopp	PERSON
Paris	ORGANIZATION
Saint	ORGANIZATION
Germain	ORGANIZATION
Manchester	ORGANIZATION
City	ORGANIZATION
Stadion	LOCATION
Parc	LOCATION
des	LOCATION
Princes	LOCATION
PSG	ORGANIZATION
Zlatan	PERSON
Ibrahimovic	PERSON
Adrien	PERSON
Rabiot	PERSON
Man	ORGANIZATION
City	ORGANIZATION
Manuel	PERSON
Pellegrini	PERSON
Eliaquim	PERSON
Mangala	PERSON
Nicolas	PERSON
Otamendi	PERSON
Kompany	PERSON
November	TIME
2015	TIME
PSG	ORGANIZATION
Man	ORGANIZATION
City	ORGANIZATION
PSG	ORGANIZATION
Edinson	PERSON
Cavani	PERSON
Lucas	PERSON
Moura	PERSON
PSG	ORGANIZATION
David	PERSON
Luiz	PERSON
Thiago	PERSON
Silva	PERSON
Fernando	PERSON
Man	ORGANIZATION
City	ORGANIZATION
Sagna	PERSON
PSG	ORGANIZATION
Serge	PERSON
Aurier	PERSON
Fernandinho	PERSON
Lee	PERSON
Samsung	ORGANIZATION
Group	ORGANIZATION
Korea	LOCATION
Selatan	LOCATION
Lee	PERSON
Yoon	PERSON
hyung	PERSON
Caris	ORGANIZATION
Co	ORGANIZATION
Susan	PERSON
Kalla	PERSON
Samsung	ORGANIZATION
Samsung	ORGANIZATION
Sanggar	ORGANIZATION
Alang@lang	ORGANIZATION
Samsung	ORGANIZATION
Samsung	ORGANIZATION
Electronics	ORGANIZATION
Samsung	ORGANIZATION
Google	ORGANIZATION
Google	ORGANIZATION
Motorola	ORGANIZATION
NEC	ORGANIZATION
Panasonic	ORGANIZATION
Mobile	ORGANIZATION
Communication	ORGANIZATION
Samsung	ORGANIZATION
Electronics	ORGANIZATION
NTT	ORGANIZATION
DoCoMo	ORGANIZATION
Vodafone	ORGANIZATION
Group	ORGANIZATION
Services	ORGANIZATION
detikcom	ORGANIZATION
Samsung	ORGANIZATION
gedung	LOCATION
Nusantara	LOCATION
I	LOCATION
DPR	ORGANIZATION
Samsung	ORGANIZATION
Samsung	ORGANIZATION
Samsung	ORGANIZATION
Fira	LOCATION
de	LOCATION
Barcelona	LOCATION
Spanyol	LOCATION
Alcatel	ORGANIZATION
Lucent	ORGANIZATION
Samsung	ORGANIZATION
Samsung	ORGANIZATION
Alcatel	ORGANIZATION
Lucent	ORGANIZATION
Samsung	ORGANIZATION
Lee	PERSON
Kun	PERSON
Hee	PERSON
Samsung	ORGANIZATION
Samsung	ORGANIZATION
Jumat	TIME
Oktober	TIME
2008	TIME
Samsung	ORGANIZATION
Service	ORGANIZATION
Centre	ORGANIZATION
SSC	ORGANIZATION
Millenium	LOCATION
Plaza	LOCATION
Intel	ORGANIZATION
Toshiba	ORGANIZATION
Samsung	ORGANIZATION
Januari	TIME
2009	TIME
Bola	ORGANIZATION
Suara	ORGANIZATION
Pembaharuan	ORGANIZATION
Samsung	ORGANIZATION
Samsung	ORGANIZATION
Samsung	ORGANIZATION
Indonesia	LOCATION
Samsung	ORGANIZATION
HTC	ORGANIZATION
Samsung	ORGANIZATION
Samsung	ORGANIZATION
Samsung	ORGANIZATION
Samsung	ORGANIZATION
Samsung	ORGANIZATION
Service	ORGANIZATION
Tomang	ORGANIZATION
Samsung	ORGANIZATION
Electronics	ORGANIZATION
Samsung	ORGANIZATION
Microsoft	ORGANIZATION
Samsung	ORGANIZATION
Samsung	ORGANIZATION
Indonesia	LOCATION
IDC	ORGANIZATION
Samsung	ORGANIZATION
Yoon	PERSON
Boo	PERSON
Keun	PERSON
Samsung	ORGANIZATION
Samsung	ORGANIZATION
Samsung	ORGANIZATION
LG	ORGANIZATION
Nokia	ORGANIZATION
Indonesia	LOCATION
China	LOCATION
detikINET	ORGANIZATION
Gizmodo	ORGANIZATION
Samsung	ORGANIZATION
detikINET	ORGANIZATION
Samsung	ORGANIZATION
Samsung	ORGANIZATION
Samsung	ORGANIZATION
HTC	ORGANIZATION
Sony	ORGANIZATION
Ericsson	ORGANIZATION
Samsung	ORGANIZATION
Motorola	ORGANIZATION
LG	ORGANIZATION
Yoo	PERSON
Young	PERSON
Kim	PERSON
PT	ORGANIZATION
Samsung	ORGANIZATION
Electronics	ORGANIZATION
Indonesia	ORGANIZATION
Ritz	LOCATION
Carlon	LOCATION
Hotel	LOCATION
Google	ORGANIZATION
Samsung	ORGANIZATION
Google	ORGANIZATION
detikINET	ORGANIZATION
Samsung	ORGANIZATION
Samsung	ORGANIZATION
Samsung	ORGANIZATION
Samsung	ORGANIZATION
Samsung	ORGANIZATION
ITC	LOCATION
BSD	LOCATION
ICE	LOCATION
BSD	LOCATION
Samsung	ORGANIZATION
HTC	ORGANIZATION
Asus	ORGANIZATION
Samsung	ORGANIZATION
Samsung	ORGANIZATION
Samsung	ORGANIZATION
Apple	ORGANIZATION
Amerika	LOCATION
Serikat	LOCATION
Research	ORGANIZATION
in	ORGANIZATION
Motion	ORGANIZATION
RIM	ORGANIZATION
Samsung	ORGANIZATION
Apple	ORGANIZATION
Samsung	ORGANIZATION
Apple	ORGANIZATION
Samsung	ORGANIZATION
Taiwan	LOCATION
Samsung	ORGANIZATION
Compal	ORGANIZATION
Quanta	ORGANIZATION
Pegatron	ORGANIZATION
Korea	LOCATION
Samsung	ORGANIZATION
Uni	ORGANIZATION
Eropa	ORGANIZATION
Samsung	ORGANIZATION
Samsung	ORGANIZATION
Korea	LOCATION
Selatan	LOCATION
Australia	LOCATION
Samsung	ORGANIZATION
detikINET	ORGANIZATION
AFP	ORGANIZATION
Ranjit	PERSON
Yadav	PERSON
Samsung	ORGANIZATION
India	LOCATION
Samsung	ORGANIZATION
Samsung	ORGANIZATION
Intel	ORGANIZATION
Samsung	ORGANIZATION
Apple	ORGANIZATION
Samsung	ORGANIZATION
Sydney	LOCATION
Australia	LOCATION
Samsung	ORGANIZATION
BlackBerry	ORGANIZATION
Samsung	ORGANIZATION
Samsung	ORGANIZATION
Apple	ORGANIZATION
Amerika	LOCATION
Serikat	LOCATION
Apple	ORGANIZATION
Samsung	ORGANIZATION
Samsung	ORGANIZATION
Intel	ORGANIZATION
Apple	ORGANIZATION
Nvidia	ORGANIZATION
Qualcomm	ORGANIZATION
Samsung	ORGANIZATION
Texas	ORGANIZATION
Instruments	ORGANIZATION
Indosat	ORGANIZATION
Samsung	ORGANIZATION
Nokia	ORGANIZATION
Samsung	ORGANIZATION
RIM	ORGANIZATION
Rio	PERSON
Hotel	LOCATION
Crowne	LOCATION
Plaza	LOCATION
Milan	LOCATION
Italia	LOCATION
Rio	PERSON
Rio	PERSON
Piers	PERSON
Inggris	LOCATION
Rio	PERSON
Indonesia	LOCATION
Rio	PERSON
Haryanto	PERSON
Indonesia	LOCATION
Rio	PERSON
Haryanto	PERSON
Pertamina	ORGANIZATION
Afdal	PERSON
Bahaudin	PERSON
Kompas	ORGANIZATION
Pertamina	ORGANIZATION
Rio	PERSON
Rio	PERSON
sirkuit	LOCATION
Sakhir	LOCATION
International	LOCATION
Rio	PERSON
Rio	PERSON
Calado	PERSON
Rio	PERSON
Haryanto	PERSON
Malaysia	LOCATION
Jakarta	LOCATION
Arthur	PERSON
Pic	PERSON
Rio	PERSON
BOLumat	ORGANIZATION
Rio	PERSON
Haryanto	PERSON
Indonesia	LOCATION
Rio	PERSON
Bahrain	LOCATION
Austria	LOCATION
Inggris	LOCATION
Rio	PERSON
Campos	ORGANIZATION
Racing	ORGANIZATION
Pertamina	ORGANIZATION
Megawati	PERSON
Soekarnoputri	PERSON
Hamzah	PERSON
Haz	PERSON
PKB	ORGANIZATION
NU	ORGANIZATION
Mega	PERSON
Da'i	PERSON
NKRI	LOCATION
Barisan	ORGANIZATION
Remaja	ORGANIZATION
Nahdlatul	ORGANIZATION
Ulama	ORGANIZATION
Bersatu	ORGANIZATION
BARANUSA	ORGANIZATION
Sumatera	LOCATION
Kalimantan	LOCATION
Hasyim	PERSON
Muzadi	PERSON
Megawati	PERSON
Soekarnoputri	PERSON
Partai	ORGANIZATION
Amanat	ORGANIZATION
Nasional	ORGANIZATION
PAN	ORGANIZATION
Amien	PERSON
Rais	PERSON
PDIP	ORGANIZATION
Megawati	PERSON
Soekarnoputri	PERSON
KPU	ORGANIZATION
Juni	TIME
Megawati	PERSON
Rachma	PERSON
Mega	PERSON
Rachma	PERSON
Mega	PERSON
PDI	ORGANIZATION
Perjuangan	ORGANIZATION
Pramono	PERSON
Anung	PERSON
PDIP	ORGANIZATION
Megawati	PERSON
Hamzah	PERSON
Haz	PERSON
Oktober	TIME
2004	TIME
Mega	PERSON
Mega	PERSON
Megawati	PERSON
Soekarnoputri	PERSON
Guruh	PERSON
Soekarnoputro	PERSON
detikcom	ORGANIZATION
DPC	ORGANIZATION
DPD	ORGANIZATION
PDIP	ORGANIZATION
Mega	PERSON
Mega	PERSON
Gus	PERSON
Dur	PERSON
Mega	PERSON
Mega	PERSON
Kalla	PERSON
Megawati	PERSON
Khofifah	PERSON
Blitar	LOCATION
Bandara	LOCATION
Abdurahman	LOCATION
Saleh	LOCATION
Malang	LOCATION
Din	PERSON
pilpres	EVENT
SBY	PERSON
JK	PERSON
PDIP	ORGANIZATION
Megawati	PERSON
Soekarnoputri	PERSON
PDIP	ORGANIZATION
Pramono	PERSON
Anung	PERSON
Megawati	ORGANIZATION
Institute	ORGANIZATION
Jl	LOCATION
Proklamasi	LOCATION
Jakarta	LOCATION
Pusat	LOCATION
Mega	PERSON
RI	LOCATION
Mbak	PERSON
Tutut	PERSON
Partai	ORGANIZATION
Golkar	ORGANIZATION
Mega	PERSON
PDIP	ORGANIZATION
Hotel	LOCATION
Sunan	LOCATION
Jalan	LOCATION
Yani	LOCATION
Solo	LOCATION
Jawa	LOCATION
Tengah	LOCATION
Megawati	PERSON
Wiranto	PERSON
Mega	PERSON
Mega	PERSON
Mega	PERSON
JK	PERSON
Pramono	PERSON
Mega	PERSON
Mega	PERSON
Megawati	PERSON
Soekarnoputri	PERSON
Prabowo	PERSON
Subianto	PERSON
Pramono	PERSON
Mega	PERSON
Prabowo	PERSON
Teuku	LOCATION
Umar	LOCATION
Sigit	PERSON
Mega	PERSON
Mega	PERSON
Jl	LOCATION
Teuku	LOCATION
Umar	LOCATION
Jakarta	LOCATION
Mega	PERSON
Prabowo	PERSON
Megawati	PERSON
Soekarnoputri	PERSON
Prita	PERSON
Mulyasari	PERSON
RS	ORGANIZATION
Omni	ORGANIZATION
International	ORGANIZATION
Partai	ORGANIZATION
Demokrat	ORGANIZATION
Susilo	PERSON
Bambang	PERSON
Yudhoyono	PERSON
SBY	PERSON
Mega	PERSON
Prabowo	PERSON
SBY	PERSON
Prabowo	PERSON
Subiantio	PERSON
Mega	PERSON
Megawati	PERSON
Megawati	PERSON
Soekarnoputri	PERSON
Prabowo	PERSON
Subianto	PERSON
Pilpres	EVENT
Pilpres	EVENT
KPU	ORGANIZATION
International	ORGANIZATION
Foundation	ORGANIZATION
of	ORGANIZATION
Electoral	ORGANIZATION
System	ORGANIZATION
IFES	ORGANIZATION
Megawati	PERSON
Soekarnoputri	PERSON
Prabowo	PERSON
Subianto	PERSON
Soeharto	PERSON
Megawati	PERSON
Soekarnoputri	PERSON
PDI	ORGANIZATION
Mahkamah	ORGANIZATION
Konstitusi	ORGANIZATION
MK	ORGANIZATION
Megawati	PERSON
Soekarnoputri	PERSON
Mega	PERSON
Taufiq	PERSON
Kiemas	PERSON
SBY	PERSON
Megawati	PERSON
Singapura	LOCATION
RI	LOCATION
Megawati	ORGANIZATION
Soekarnoputri	ORGANIZATION
SBY	PERSON
PDIP	ORGANIZATION
Megawati	PERSON
Soekarnoputri	PERSON
MPR	ORGANIZATION
Taufiq	PERSON
Kiemas	PERSON
DPR	ORGANIZATION
Marzuki	PERSON
Alie	PERSON
Siti	PERSON
Hardianti	PERSON
Rukmana	PERSON
Tutut	PERSON
Megawati	PERSON
Soekarnoputri	PERSON
Eddy	PERSON
Santana	PERSON
Putra	PERSON
PDI	ORGANIZATION
Perjuangan	ORGANIZATION
Sumatera	LOCATION
Selatan	LOCATION
Megawati	PERSON
Puan	PERSON
Qodari	PERSON
PDIP	ORGANIZATION
Megawati	PERSON
Megawati	PERSON
Patih	PERSON
Laman	PERSON
WWF	ORGANIZATION
Internasional	ORGANIZATION
Kalpataru	ORGANIZATION
Megawati	PERSON
Soekarnoputri	PERSON
Megawati	PERSON
PDIP	ORGANIZATION
PDIP	ORGANIZATION
Gayus	PERSON
Lumbuun	PERSON
detikcom	ORGANIZATION
Megawati	PERSON
Soekarnoputri	PERSON
DGSBI	ORGANIZATION
Mega	PERSON
Selasa	TIME
Maret	TIME
Hatta	PERSON
PAN	ORGANIZATION
Menko	PERSON
Perekonomian	PERSON
PDIP	ORGANIZATION
Megawati	PERSON
Soekarnoputri	PERSON
Mega	PERSON
PDIP	ORGANIZATION
indonesia	LOCATION
Mega	PERSON
DPP	ORGANIZATION
Yandri	PERSON
Susanto	PERSON
Kantor	LOCATION
Fraksi	ORGANIZATION
PAN	ORGANIZATION
Gedung	LOCATION
DPR	LOCATION
Kompleks	LOCATION
Senayan	LOCATION
Jakarta	LOCATION
Rapimnas	ORGANIZATION
PAN	ORGANIZATION
Yandri	PERSON
PAN	ORGANIZATION
Yandri	PERSON
Walt	ORGANIZATION
Disney	ORGANIZATION
Pictures	ORGANIZATION
Tris	PERSON
Soetrisno	PERSON
Jokowi	PERSON
pilkada	EVENT
Jokowi	PERSON
PDIP	ORGANIZATION
Jokowi	PERSON
JK	PERSON
Jokowi	PERSON
Zack	PERSON
Snyder	PERSON
Amerika	LOCATION
Utara	LOCATION
AllKpop	ORGANIZATION
Korea	LOCATION
Utara	LOCATION
Big	ORGANIZATION
Bang	ORGANIZATION
Pink	ORGANIZATION
Lee	PERSON
Ae	PERSON
Ran	PERSON
Kementrian	ORGANIZATION
Pertahanan	ORGANIZATION
Ducati	ORGANIZATION
Jorge	PERSON
Lorenzo	PERSON
Andrea	PERSON
Iannone	PERSON
Lorenzo	PERSON
Pelabuhan	LOCATION
Patimban	LOCATION
Subang	LOCATION
Jawa	LOCATION
Barat	LOCATION
Jawa	LOCATION
Barat	LOCATION
Susi	PERSON
Pudjiastuti	PERSON
Khofifah	PERSON
Indar	PERSON
Parawansa	PERSON
Susi	PERSON
Pudjiastuti	PERSON
Khofifah	PERSON
Jokowi	PERSON
Lea	PERSON
Iacocca	PERSON
Chrysler	ORGANIZATION
Chrysler	ORGANIZATION
Jokowi	PERSON
Lea	PERSON
Iacocca	PERSON
Chrysler	ORGANIZATION
Ford	ORGANIZATION
Lea	PERSON
Eropa	LOCATION
Peugeot	ORGANIZATION
Jokowi	PERSON
Pelabuhan	LOCATION
Tanjung	LOCATION
Priok	LOCATION
Jakarta	LOCATION
Saleh	PERSON
Husin	PERSON
Istana	LOCATION
Negara	LOCATION
Jakarta	LOCATION
Bandung	LOCATION
PPP	ORGANIZATION
Romahurmuziy	PERSON
Bandung	LOCATION
Jokowi	PERSON
Johan	PERSON
Budi	PERSON
Jokowi	PERSON
Johan	PERSON
Budi	PERSON
Komplek	LOCATION
Istana	LOCATION
Jakarta	LOCATION
Johan	PERSON
Romi	PERSON
Bandung	LOCATION
Jokowi	PERSON
Johan	PERSON
PAN	ORGANIZATION
Yandri	PERSON
PKB	ORGANIZATION
Abdul	PERSON
Kadir	PERSON
PDIP	ORGANIZATION
Hasto	PERSON
Kristiyanto	PERSON
Joko	PERSON
Widodo	PERSON
Anwar	PERSON
Usman	PERSON
Istana	LOCATION
Negara	LOCATION
Jl	LOCATION
Medan	LOCATION
Merdeka	LOCATION
Utara	LOCATION
Jakarta	LOCATION
Pusat	LOCATION
Anwar	PERSON
Mahkamah	ORGANIZATION
Agung	ORGANIZATION
Anwar	PERSON
April	TIME
2016	TIME
Mahkamah	ORGANIZATION
Agung	ORGANIZATION
Anwar	PERSON
Anwar	PERSON
1975	TIME
Desember	TIME
1956	TIME
M	PERSON
Arsyad	PERSON
Sanusi	PERSON
2011	TIME
Kementerian	ORGANIZATION
Pemuda	ORGANIZATION
dan	ORGANIZATION
Olahraga	ORGANIZATION
2016	TIME
2018	TIME
Hasto	PERSON
PDIP	ORGANIZATION
DPP	ORGANIZATION
Jl	LOCATION
Lentang	LOCATION
Agung	LOCATION
Jakarta	LOCATION
Selatan	LOCATION
Kamis	TIME
2016	TIME
PDIP	ORGANIZATION
Jokowi	PERSON
PPP	ORGANIZATION
PPP	ORGANIZATION
PPP	ORGANIZATION
Djan	PERSON
Faridz	PERSON
Tris	PERSON
Soetrisno	PERSON
Soetrisno	PERSON
Istana	LOCATION
Negara	LOCATION
Rabu	TIME
Jokowi	PERSON
Gedung	LOCATION
Utama	LOCATION
Sekretariat	LOCATION
Negara	LOCATION
Jl	LOCATION
Veteran	LOCATION
Jakarta	LOCATION
Pusat	LOCATION
Taman	LOCATION
Ismail	LOCATION
Marzuki	LOCATION
TIM	LOCATION
Cikini	LOCATION
Jakarta	LOCATION
Pusat	LOCATION
Unit	ORGANIZATION
Pelaksanan	ORGANIZATION
Teknis	ORGANIZATION
Perparkiran	ORGANIZATION
Dinas	ORGANIZATION
Perhubungan	ORGANIZATION
dan	ORGANIZATION
Transportasi	ORGANIZATION
Dishubtrans	ORGANIZATION
DKI	LOCATION
Jakarta	LOCATION
PT	ORGANIZATION
Putraja	ORGANIZATION
Jokowi	PERSON
Joko	PERSON
Widodo	PERSON
kabinet	ORGANIZATION
kerja	ORGANIZATION
Jokowi	PERSON
Jokowi	PERSON
Joko	PERSON
Widodo	PERSON
Kabinet	ORGANIZATION
Kerja	ORGANIZATION
Gedung	LOCATION
Utama	LOCATION
Kementerian	LOCATION
Sekretariat	LOCATION
Negara	LOCATION
Jl	LOCATION
Veteran	LOCATION
Raya	LOCATION
Jakarta	LOCATION
Pusat	LOCATION
Gedung	LOCATION
Setneg	LOCATION
Istana	LOCATION
Kepresidenan	LOCATION
Jakarta	LOCATION
Jokowi	PERSON
Gedung	LOCATION
Setneg	LOCATION
Istana	LOCATION
Kepresidenan	LOCATION
Jakarta	LOCATION
Bogor	LOCATION
Jawa	LOCATION
Barat	LOCATION
April	TIME
Keselamatan	ORGANIZATION
Pantai	ORGANIZATION
Timur	ORGANIZATION
Sabah	ORGANIZATION
Pulau	LOCATION
Mataking	LOCATION
TNI	ORGANIZATION
TNI	ORGANIZATION
Effendi	PERSON
TN	ORGANIZATION
AD	ORGANIZATION
AU	ORGANIZATION
dan	ORGANIZATION
AL	ORGANIZATION
Jokowi	PERSON
Jokowi	PERSON
Morotai	LOCATION
Jakarta	LOCATION
Joko	PERSON
Widodo	PERSON
Abu	PERSON
Sayyaf	PERSON
Filipina	LOCATION
Bandara	LOCATION
Soekarno	LOCATION
Hatta	LOCATION
Bambang	PERSON
Bambang	PERSON
Januari	TIME
Maret	TIME
2016	TIME
Januari	TIME
Maret	TIME
2015	TIME
Bambang	PERSON
Indonesia	LOCATION
DPR	ORGANIZATION
Joko	PERSON
Widodo	PERSON
DPR	ORGANIZATION
Taufik	PERSON
Kurniawan	PERSON
DPR	ORGANIZATION
Taufik	PERSON
DPR	ORGANIZATION
Taufik	PERSON
DPR	ORGANIZATION
DPR	ORGANIZATION
DPR	ORGANIZATION
Jokowi	PERSON
PAN	ORGANIZATION
DPR	ORGANIZATION
DPR	ORGANIZATION
Undip	ORGANIZATION
PPP	ORGANIZATION
Djan	PERSON
Faridz	PERSON
PPP	ORGANIZATION
April	TIME
2016	TIME
Joko	PERSON
Widodo	PERSON
PPP	ORGANIZATION
Djan	PERSON
Faridz	PERSON
Joko	PERSON
Widodo	PERSON
Pramono	PERSON
Anung	PERSON
Pramono	PERSON
Anung	PERSON
Gedung	LOCATION
Sekretariat	LOCATION
Negara	LOCATION
Jakarta	LOCATION
Pusat	LOCATION
Pramono	PERSON
Jokowi	PERSON
Pramono	PERSON
PKS	ORGANIZATION
Fahri	PERSON
Hamzah	PERSON
DPR	ORGANIZATION
Ledia	PERSON
Hanifa	PERSON
DPR	ORGANIZATION
Jawa	LOCATION
Barat	LOCATION
Bandung	LOCATION
Cimahi	LOCATION
Ledia	PERSON
Ledia	PERSON
PKS	ORGANIZATION
PKS	ORGANIZATION
PKS	ORGANIZATION
Sohibul	PERSON
Iman	PERSON
Jokowi	PERSON
Istana	LOCATION
Negara	LOCATION
Desember	TIME
2015	TIME
Jakarta	LOCATION
April	TIME
1969	TIME
Universitas	ORGANIZATION
Indonesia	ORGANIZATION
Ledia	PERSON
Fakultas	ORGANIZATION
Psikologi	ORGANIZATION
Universitas	ORGANIZATION
Indonesia	ORGANIZATION
Bachtiar	PERSON
Sunasto	PERSON
Fahri	PERSON
Hamzah	PERSON
Fahri	PERSON
Pengadilan	ORGANIZATION
Negeri	ORGANIZATION
Jakarta	ORGANIZATION
Selatan	ORGANIZATION
Joko	PERSON
Widodo	PERSON
DPR	ORGANIZATION
DPR	ORGANIZATION
Ade	PERSON
Komarudin	PERSON
DPR	ORGANIZATION
DPR	ORGANIZATION
Akom	PERSON
Asia	LOCATION
Tenggara	LOCATION
Republik	LOCATION
India	LOCATION
DPR	ORGANIZATION
Badrodin	PERSON
Bantaeng	LOCATION
Sulawesi	LOCATION
Selatan	LOCATION
Ahok	PERSON
Balai	LOCATION
Kota	LOCATION
Jl	LOCATION
Medan	LOCATION
Merdeka	LOCATION
Selatan	LOCATION
Jakarta	LOCATION
Senin	TIME
Komisi	ORGANIZATION
Kepolisian	ORGANIZATION
Nasionak	ORGANIZATION
Kompolnas	ORGANIZATION
Hotel	LOCATION
Gran	LOCATION
Kemang	LOCATION
Jakarta	LOCATION
Selatan	LOCATION
Rabu	TIME
Jokowi	PERSON
syuting	EVENT
Taebaek	LOCATION
Jeongseon	LOCATION
Gangwon	LOCATION
Korsel	LOCATION
Kompolnas	ORGANIZATION
Kompolnas	ORGANIZATION
Polri	ORGANIZATION
Polri	ORGANIZATION
Kompolnas	ORGANIZATION
Bandung	LOCATION
Ridwan	PERSON
Kamil	PERSON
Pilkada	EVENT
DKI	LOCATION
Jakarta	LOCATION
2017	TIME
Emil	PERSON
PDI	ORGANIZATION
Perjuangan	ORGANIZATION
Hasto	PERSON
Kristiyanto	PERSON
Emil	PERSON
Jokowi	PERSON
Februari	TIME
2016	TIME
Hasto	PERSON
PDIP	ORGANIZATION
Megawati	PERSON
Soekarnoputri	PERSON
tanggal	TIME
Januari	TIME
2016	TIME
Sentul	LOCATION
Bogor	LOCATION
Mega	PERSON
Ahok	PERSON
PDIP	ORGANIZATION
Ahok	PERSON
PDIP	ORGANIZATION
Djarot	PERSON
Saiful	PERSON
Hidayat	PERSON
Pilkada	EVENT
DKI	LOCATION
Hasto	PERSON
Hasto	PERSON
Megawati	PERSON
PDIP	ORGANIZATION
Megawati	PERSON
Hasto	PERSON
Kementerian	ORGANIZATION
Keuangan	ORGANIZATION
Maret	TIME
2016	TIME
Korea	LOCATION
Lee	PERSON
Min	PERSON
Ho	PERSON
Song	PERSON
Joong	PERSON
Ki	PERSON
Korea	PERSON
Korea	ORGANIZATION
Tourism	ORGANIZATION
Organization	ORGANIZATION
Song	PERSON
Joong	PERSON
Ki	PERSON
Tiongkok	LOCATION
Iran	LOCATION
Malaysia	LOCATION
Prancis	LOCATION
Indonesia	LOCATION
Joko	PERSON
Widodo	PERSON
Kuat	PERSON
Korea Times	ORGANIZATION
Korea	LOCATION
Rabu	TIME
Raperda	EVENT
Jakarta	LOCATION
Pantai	LOCATION
Jakarta	LOCATION
Utara	LOCATION
KPK	ORGANIZATION
PKB	ORGANIZATION
PDT	ORGANIZATION
PKB	ORGANIZATION
Marwan	PERSON
Jafar	PERSON
PDIP	ORGANIZATION
PDT	ORGANIZATION
Marwan	PERSON
Jafar	PERSON
PKB	ORGANIZATION
Jazilul	PERSON
Fawaid	PERSON
Marwan	PERSON
PKB	ORGANIZATION
Kemendes	ORGANIZATION
PDT	ORGANIZATION
Jokowi	PERSON
PKB	ORGANIZATION
Kemendes	ORGANIZATION
Papua	LOCATION
Barat	LOCATION
Juni	TIME
kabupaten	LOCATION
kota	LOCATION
Papua	LOCATION
Barat	LOCATION
Jazilul	PERSON
detikcom	ORGANIZATION
Selasa	TIME
2016	TIME
PKB	ORGANIZATION
Abdul	PERSON
Kadir	PERSON
Karding	PERSON
Kemedes	ORGANIZATION
Marwan	PERSON
Jafar	PERSON
PKB	ORGANIZATION
Jokowi	PERSON
Karding	PERSON
Senin	TIME
Jokowi	PERSON
Kemendes	ORGANIZATION
PKB	ORGANIZATION
Kemendes	ORGANIZATION
PDT	ORGANIZATION
Puan	PERSON
Maharani	PERSON
PDIP	ORGANIZATION
Jusuf	PERSON
Kalla	PERSON
PKB	ORGANIZATION
Kemendes	ORGANIZATION
Marwan	PERSON
Daniel	PERSON
detikcom	ORGANIZATION
Senin	TIME
Daniel	PERSON
Koalisi	ORGANIZATION
Indonesia	ORGANIZATION
Hebat	ORGANIZATION
KIH	ORGANIZATION
PKB	ORGANIZATION
Marwan	PERSON
Jafar	PERSON
PDIP	ORGANIZATION
PKB	ORGANIZATION
Daniel	PERSON
Marwan	PERSON
Jafar	PERSON
PDIP	ORGANIZATION
Purnomo	PERSON
DPR	ORGANIZATION
Pansus	ORGANIZATION
Pelindo	ORGANIZATION
II	ORGANIZATION
Rini	PERSON
PAN	ORGANIZATION
Eddy	PERSON
Soeparno	PERSON
detikcom	ORGANIZATION
Eddy	PERSON
Istana	LOCATION
PAN	ORGANIZATION
PAN	ORGANIZATION
Zulkifli	PERSON
Hasan	PERSON
Zulkifli	PERSON
detikcom	ORGANIZATION
PAN	ORGANIZATION
Jokowi	PERSON
JK	PERSON
PAN	ORGANIZATION
Koalisi	ORGANIZATION
Partai	ORGANIZATION
Pendukung	ORGANIZATION
Pemerintah	ORGANIZATION
KPPP	ORGANIZATION
KIH	ORGANIZATION
PAN	ORGANIZATION
PAN	ORGANIZATION
Jokowi	PERSON
PAN	ORGANIZATION
Partai	ORGANIZATION
Golkar	ORGANIZATION
Gerindra	ORGANIZATION
KMP	ORGANIZATION
Golkar	ORGANIZATION
Bali	LOCATION
Golkar	ORGANIZATION
Ancol	LOCATION
Idrus	PERSON
Golkar	ORGANIZATION
Aburizal	PERSON
Bakrie	PERSON
Joko	PERSON
Widodo	PERSON
Ambon	LOCATION
Joko	PERSON
Widodo	PERSON
Jokowi	PERSON
Ambon	LOCATION
Jokowi	PERSON
Ambon	LOCATION
Jokowi	PERSON
Ambon	LOCATION
City	LOCATION
Center	LOCATION
Ambon	LOCATION
Jokowi	PERSON
Ambon	LOCATION
City	LOCATION
Center	LOCATION
Jokowi	PERSON
Ambon	LOCATION
City	LOCATION
Center	LOCATION
Ambon	LOCATION
Maluku	LOCATION
City	LOCATION
Mall	LOCATION
Maluku	LOCATION
City	LOCATION
Mall	LOCATION
Jokowi	PERSON
Jokowi	PERSON
PKB	ORGANIZATION
Abdul	PERSON
Kadir	PERSON
Karding	PERSON
Jokowi	PERSON
PKB	ORGANIZATION
Joko	PERSON
Widodo	PERSON
PT	ORGANIZATION
Trimegah	ORGANIZATION
Sekuritas	ORGANIZATION
Tbk	ORGANIZATION
Akhabani	PERSON
Indofood	ORGANIZATION
PT	ORGANIZATION
Bahana	ORGANIZATION
Securities	ORGANIZATION
PT	ORGANIZATION
Danareksa	ORGANIZATION
Sekuritas	ORGANIZATION
Indofood	ORGANIZATION
Indofood	ORGANIZATION
Anthoni	PERSON
Indofood	ORGANIZATION
Juni	TIME
2004	TIME
Indofood	ORGANIZATION
Inggris	LOCATION
Februari	TIME
Maret	TIME
CEO	PERSON
Indofood	ORGANIZATION
Anthony	PERSON
Salim	PERSON
Bogasari	ORGANIZATION
Mauritius	LOCATION
Indofood	ORGANIZATION
International	ORGANIZATION
Finance	ORGANIZATION
Limited	ORGANIZATION
Djoko	PERSON
Wibowo	PERSON
Indofood	ORGANIZATION
Bursa	ORGANIZATION
Efek	ORGANIZATION
Jakarta	ORGANIZATION
BEJ	ORGANIZATION
Indofood	ORGANIZATION
Cesar	PERSON
M	PERSON
Dela	PERSON
Cruz	PERSON
PT	ORGANIZATION
Indofood	ORGANIZATION
Sukses	ORGANIZATION
Makmur	ORGANIZATION
Tbk	ORGANIZATION
PT	ORGANIZATION
Bank	ORGANIZATION
Danamon	ORGANIZATION
Indonesia	ORGANIZATION
Tbk	ORGANIZATION
Indofood	ORGANIZATION
PT	ORGANIZATION
Indofood	ORGANIZATION
Sukses	ORGANIZATION
Makmur	ORGANIZATION
Tbk	ORGANIZATION
INDF	ORGANIZATION
Sido	ORGANIZATION
Muncul	ORGANIZATION
Indofood	ORGANIZATION
Indofood	ORGANIZATION
Philip	PERSON
Indofood	ORGANIZATION
PT	ORGANIZATION
Boga	ORGANIZATION
Sari	ORGANIZATION
Flour	ORGANIZATION
Mill	ORGANIZATION
Lonsum	ORGANIZATION
Indofood	ORGANIZATION
Lonsum	ORGANIZATION
Indofood	ORGANIZATION
PT	ORGANIZATION
Indofood	ORGANIZATION
Sukses	ORGANIZATION
Makmur	ORGANIZATION
Internasional	ORGANIZATION
Tbk	ORGANIZATION
INDF	ORGANIZATION
PT	ORGANIZATION
PP	ORGANIZATION
London	ORGANIZATION
Sumatra	ORGANIZATION
Tbk	ORGANIZATION
PT	ORGANIZATION
Sinarmas	ORGANIZATION
PT	ORGANIZATION
Bakrie	ORGANIZATION
Sumatra	ORGANIZATION
Plantations	ORGANIZATION
Tbk	ORGANIZATION
Indofood	ORGANIZATION
Minamas	ORGANIZATION
Telkom	ORGANIZATION
TLKM	ORGANIZATION
Bumi	ORGANIZATION
Resources	ORGANIZATION
BUMI	ORGANIZATION
Indofood	ORGANIZATION
Sukses	ORGANIZATION
Makmur	ORGANIZATION
INDF	ORGANIZATION
Indofood	ORGANIZATION
Wisma	LOCATION
Indocement	LOCATION
Jalan	LOCATION
Sudirman	LOCATION
Jakarta	LOCATION
Salim	ORGANIZATION
Group	ORGANIZATION
Franciscus	PERSON
Welirang	PERSON
detikcom	ORGANIZATION
Indofood	ORGANIZATION
Salim	ORGANIZATION
Group	ORGANIZATION
Artalyta	PERSON
Suryani	PERSON
Urip	PERSON
Tri	PERSON
Gunawan	PERSON
PT	ORGANIZATION
Indofood	ORGANIZATION
Sukses	ORGANIZATION
Makmur	ORGANIZATION
Tbk	ORGANIZATION
SBY	PERSON
Singapura	LOCATION
Anthony	PERSON
Indofood	ORGANIZATION
Asahi	ORGANIZATION
Cicurug	LOCATION
Sukabumi	LOCATION
Rachmat	PERSON
Gobel	PERSON
Indonesia	LOCATION
Afrika	LOCATION
Indofood	ORGANIZATION
Kalbe	ORGANIZATION
Farma	ORGANIZATION
Astra	ORGANIZATION
Agro	ORGANIZATION
Matahari	ORGANIZATION
LPPF	ORGANIZATION
Indofood	ORGANIZATION
CBP	ORGANIZATION
ICBP	ORGANIZATION
Indofood	ORGANIZATION
Turki	LOCATION
Eropa	LOCATION
Kementerian	ORGANIZATION
Keuangan	ORGANIZATION
Kemenkeu	ORGANIZATION
Indonesia	ORGANIZATION
Badan	ORGANIZATION
Usaha	ORGANIZATION
Milik	ORGANIZATION
Negara	ORGANIZATION
BUMN	ORGANIZATION
Rini	PERSON
Soemarno	PERSON
AS	LOCATION
Susi	PERSON
Pudjiastuti	PERSON
Kementerian	ORGANIZATION
Perdagangan	ORGANIZATION
Federer	PERSON
Federer	PERSON
Igor	PERSON
Andreev	PERSON
Federer	PERSON
Federer	PERSON
Mark	PERSON
Philippoussis	PERSON
Agassi	PERSON
Roger	PERSON
Federer	PERSON
Federer	PERSON
Suzuki	PERSON
Federer	PERSON
Desember	TIME
2003	TIME
Swiss	LOCATION
Australia	LOCATION
Federer	PERSON
Nadal	PERSON
Miami	LOCATION
Andy	PERSON
Roddick	PERSON
Federer	PERSON
Sampras	PERSON
Borg	PERSON
Federer	PERSON
Borg	PERSON
Federer	PERSON
Federer	PERSON
Henman	PERSON
Rusedski	PERSON
Roger	PERSON
Federer	PERSON
Kiefer	PERSON
Federer	PERSON
Davenport	PERSON
Roger	PERSON
Federer	PERSON
Federer	PERSON
Swiss	LOCATION
Federer	PERSON
Tommy	PERSON
Robredo	PERSON
Federer	PERSON
Tommy	PERSON
Robredo	PERSON
Nikolay	PERSON
Davidenko	PERSON
Rafael	PERSON
Nadal	PERSON
Novak	PERSON
Djokovic	PERSON
Roger	PERSON
Federer	PERSON
Federer	PERSON
Jarkko	PERSON
Nieminen	PERSON
Basel	LOCATION
Nalbandian	PERSON
Federer	PERSON
Federer	PERSON
Yahoosport	ORGANIZATION
Shanghai	LOCATION
Federer	PERSON
Chile	LOCATION
Fernando	PERSON
Gonzalez	PERSON
Federer	PERSON
Gonzalez	PERSON
Federer	PERSON
Roddick	PERSON
Wikipedia	ORGANIZATION
Federer	PERSON
Pete	PERSON
Sampras	PERSON
Roger	PERSON
Federer	PERSON
Pete	PERSON
Federer	PERSON
Federer	PERSON
Swedia	LOCATION
Roger	PERSON
Federer	PERSON
Robin	PERSON
Soderling	PERSON
Roger	PERSON
Federer	PERSON
Rafael	PERSON
Nadal	PERSON
Nadal	PERSON
Federer	PERSON
Robin	PERSON
Soderling	PERSON
Tomas	PERSON
Berdych	PERSON
Jo	PERSON
Wilfried	PERSON
Tsonga	PERSON
Marcos	PERSON
Baghdatis	PERSON
Murray	PERSON
Roger	PERSON
Federer	PERSON
Federer	PERSON
Roger	PERSON
Federer	PERSON
Australia	LOCATION
Novak	PERSON
Djokovic	PERSON
Rafael	PERSON
Nadal	PERSON
Roger	PERSON
Federer	PERSON
Andy	PERSON
Murray	PERSON
Budiman	PERSON
Swiss	LOCATION
Basler	ORGANIZATION
Zeitung	ORGANIZATION
Taufik	PERSON
Indian	LOCATION
Wells	LOCATION
Roger	PERSON
Federer	PERSON
Indian	LOCATION
Wells	LOCATION
John	PERSON
Isner	PERSON
Roger	PERSON
Federer	PERSON
Roger	PERSON
Federer	PERSON
Federer	PERSON
Berdych	PERSON
Federer	PERSON
Federer	PERSON
Roger	PERSON
Federer	PERSON
Roma	LOCATION
Novak	PERSON
Djokovic	PERSON
Srdjan	PERSON
Rafael	PERSON
Nadal	PERSON
Roger	PERSON
Federer	PERSON
Djokovic	PERSON
Roger	PERSON
Federer	PERSON
Ferrer	PERSON
Rafael	PERSON
Nadal	PERSON
Federer	PERSON
Federer	PERSON
Djokovic	PERSON
Federer	PERSON
Amerika	LOCATION
Serikat	LOCATION
John	PERSON
McEnroe	PERSON
Federer	PERSON
Wawrinka	PERSON
Federer	PERSON
Wawrinka	PERSON
Swiss	LOCATION
Prancis	LOCATION
Federer	PERSON
Monfils	PERSON
Federer	PERSON
Federer	PERSON
Fernando	PERSON
Verdasco	PERSON
Guillermo	PERSON
Garcia	PERSON
Lopez	PERSON
Murray	PERSON
Jeremy	PERSON
Chardy	PERSON
Federer	PERSON
Gael	PERSON
Monfils	PERSON
Suzanne	PERSON
Lenglen	PERSON
Roger	PERSON
Federer	PERSON
Murray	PERSON
Roger	PERSON
Federer	PERSON
Federer	PERSON
Djokovic	PERSON
Pixar	ORGANIZATION
Pixar	ORGANIZATION
Disney	ORGANIZATION
Disney	ORGANIZATION
Chuk	PERSON
Viane	PERSON
Disney	ORGANIZATION
AFP	ORGANIZATION
Breck	PERSON
Eisner	PERSON
Michael	PERSON
Eisner	PERSON
Disney	ORGANIZATION
Disney	ORGANIZATION
Channel	ORGANIZATION
Walt	ORGANIZATION
Disney	ORGANIZATION
ACS	ORGANIZATION
Disney	ORGANIZATION
Disneyland	LOCATION
Hong	LOCATION
Kong	LOCATION
Disney	ORGANIZATION
Disney	ORGANIZATION
Pixar	ORGANIZATION
Ed	PERSON
Catmull	PERSON
Disney	ORGANIZATION
Disney	ORGANIZATION
San	LOCATION
Francisco	LOCATION
Apple	ORGANIZATION
Computer	ORGANIZATION
Inc	ORGANIZATION
Walt	ORGANIZATION
Disney	ORGANIZATION
Co	ORGANIZATION
Mickey	PERSON
Minnie	PERSON
Mouse	PERSON
Disney	ORGANIZATION
Pinewood	ORGANIZATION
Inggris	LOCATION
Disney	ORGANIZATION
Inggris	LOCATION
Los	LOCATION
Angeles	LOCATION
Walt	ORGANIZATION
Disney	ORGANIZATION
Co	ORGANIZATION
MySpace.com	ORGANIZATION
Disney	ORGANIZATION
Shamrock	ORGANIZATION
Holdings	ORGANIZATION
Roy	PERSON
Disney	PERSON
Walt	PERSON
Disney	PERSON
The	ORGANIZATION
Walt	ORGANIZATION
Disney	ORGANIZATION
Company	ORGANIZATION
Britney	PERSON
Disney	ORGANIZATION
Channel	ORGANIZATION
Microsoft	ORGANIZATION
Tony	PERSON
Disney	ORGANIZATION
Disney	ORGANIZATION
Vanessa	PERSON
Hudgens	PERSON
Disney	ORGANIZATION
Ashley	PERSON
Tisdale	PERSON
Walt	ORGANIZATION
Disney	ORGANIZATION
Co	ORGANIZATION
General	ORGANIZATION
Electric	ORGANIZATION
Co	ORGANIZATION
ADP	ORGANIZATION
Employer	ORGANIZATION
Services	ORGANIZATION
Agustus	TIME
detikINET	ORGANIZATION
Cnet	ORGANIZATION
Disney	ORGANIZATION
Carson	PERSON
Disney	ORGANIZATION
Disney	ORGANIZATION
Twitter	ORGANIZATION
Disney	ORGANIZATION
Eva	PERSON
Mendes	PERSON
Marvel	ORGANIZATION
Disney	ORGANIZATION
Google	ORGANIZATION
Coca	ORGANIZATION
Cola	ORGANIZATION
Disney	ORGANIZATION
NASA	ORGANIZATION
AIG	ORGANIZATION
Hed	PERSON
Disneyland	LOCATION
Juni	TIME
2010	TIME
Walt	PERSON
Disney	PERSON
Disney	ORGANIZATION
Disney	ORGANIZATION
Walt	PERSON
Disney	PERSON
1919	TIME
Walt	PERSON
Disney	PERSON
Kansas	ORGANIZATION
City	ORGANIZATION
Star	ORGANIZATION
Walt	ORGANIZATION
Disney	ORGANIZATION
Pictures	ORGANIZATION
Disney	ORGANIZATION
1959	TIME
Walt	ORGANIZATION
Disney	ORGANIZATION
Pictures	ORGANIZATION
Disney	ORGANIZATION
Tim	PERSON
Burton	PERSON
Walt	ORGANIZATION
Disney	ORGANIZATION
Pictures	ORGANIZATION
Nintendo	ORGANIZATION
Playstation	ORGANIZATION
Disney	ORGANIZATION
Disney	ORGANIZATION
Walt	ORGANIZATION
Disney	ORGANIZATION
Pictures	ORGANIZATION
Pixar	ORGANIZATION
Animation	ORGANIZATION
Studio	ORGANIZATION
Disney	ORGANIZATION
Pixar	ORGANIZATION
Disney	ORGANIZATION
Los	LOCATION
Angeles	LOCATION
April	TIME
Disney	ORGANIZATION
Dave	PERSON
Hollis	PERSON
Scott	PERSON
Walt	ORGANIZATION
Disney	ORGANIZATION
Company	ORGANIZATION
General	ORGANIZATION
Motors	ORGANIZATION
Bristol	ORGANIZATION
Meyers	ORGANIZATION
Squibb	ORGANIZATION
Maret	TIME
Disneyland	LOCATION
Arab	LOCATION
Disneyland	LOCATION
Paris	LOCATION
Disney	LOCATION
Land	LOCATION
Disney	ORGANIZATION
Disney	ORGANIZATION
Nike	ORGANIZATION
Formula	ORGANIZATION
Bernie	PERSON
Ecclestone	PERSON
Walt	ORGANIZATION
Disney	ORGANIZATION
Jolie	PERSON
Us	ORGANIZATION
Magazine	ORGANIZATION
Indonesia	LOCATION
Toyota	ORGANIZATION
Astra	ORGANIZATION
Motor	ORGANIZATION
Henry	PERSON
Tanoto	PERSON
Jakarta	LOCATION
General	ORGANIZATION
Motors	ORGANIZATION
Indonesia	ORGANIZATION
Chevrolet	ORGANIZATION
Desember	TIME
2015	TIME
GM	ORGANIZATION
Indonesia	ORGANIZATION
Gaurav	PERSON
Gupta	PERSON
Chevrolet	ORGANIZATION
Gaurav	PERSON
Indonesia	LOCATION
2016	TIME
JIExpo	LOCATION
Kemayoran	LOCATION
Jakarta	LOCATION
GM	ORGANIZATION
Indonesia	ORGANIZATION
Yuniadi	PERSON
Haksono	PERSON
Chevrolet	ORGANIZATION
Universitas	ORGANIZATION
Szent	ORGANIZATION
Istvan	ORGANIZATION
Godollo	ORGANIZATION
UGM	ORGANIZATION
Universitas	ORGANIZATION
Pecs	ORGANIZATION
Hongaria	LOCATION
1367	TIME
Budapest	LOCATION
UGM	ORGANIZATION
Dwikora	PERSON
Karnita	PERSON
Universitas	ORGANIZATION
Pecs	ORGANIZATION
Gyula	PERSON
Berke	PERSON
Dwikorita	PERSON
Karnawati	PERSON
Budapest	ORGANIZATION
Business	ORGANIZATION
School	ORGANIZATION
BBS	ORGANIZATION
Eva	PERSON
Kriszt	PERSON
UGM	ORGANIZATION
Universitas	ORGANIZATION
Szent	ORGANIZATION
Istvan	ORGANIZATION
Godollo	ORGANIZATION
Hongaria	LOCATION
Universitas	ORGANIZATION
Szent	ORGANIZATION
Istvan	ORGANIZATION
Godollo	ORGANIZATION
Budapest	LOCATION
UGM	ORGANIZATION
UGM	ORGANIZATION
Dr.	PERSON
Paripurna	PERSON
Sugarda	PERSON
Fakultas	ORGANIZATION
Pertanian	ORGANIZATION
UGM	ORGANIZATION
Dr.	PERSON
Jamhari	PERSON
Dorma	PERSON
Bandara	LOCATION
Internasional	LOCATION
Husein	LOCATION
Sastranegara	LOCATION
Jalan	LOCATION
Pajajaran	LOCATION
Kota	LOCATION
Bandung	LOCATION
Senin	TIME
2016	TIME
Bandara	LOCATION
Husein	LOCATION
Sastranegara	LOCATION
Garuda	ORGANIZATION
Indonesia	ORGANIZATION
AirAsia	ORGANIZATION
Lion	ORGANIZATION
Air	ORGANIZATION
Silk	ORGANIZATION
Air	ORGANIZATION
Citilink	ORGANIZATION
Xpress	ORGANIZATION
Air	ORGANIZATION
Wings	ORGANIZATION
Air	ORGANIZATION
Swiss	LOCATION
H.E.	PERSON
Doris	PERSON
Leuthard	PERSON
PT	ORGANIZATION
Garuda	ORGANIZATION
Maintenance	ORGANIZATION
Facility	ORGANIZATION
GMF	ORGANIZATION
AeroAsia	ORGANIZATION
Bandara	LOCATION
Soekarno	LOCATION
Hatta	LOCATION
Tangerang	LOCATION
Leuthard	PERSON
Garuda	ORGANIZATION
Indonesia	ORGANIZATION
Garuda	ORGANIZATION
Indonesia	ORGANIZATION
Iwan	PERSON
Joeniarto	PERSON
Swiss	LOCATION
Indonesia	LOCATION
GMF	ORGANIZATION
AeroAsia	ORGANIZATION
Garuda	ORGANIZATION
Indonesia	ORGANIZATION
Bandara	LOCATION
Heathrow	LOCATION
London	LOCATION
September	TIME
2014	TIME
Garuda	ORGANIZATION
Indonesia	ORGANIZATION
Bandara	LOCATION
Gatwick	LOCATION
London	LOCATION
Indonesia	LOCATION
London	LOCATION
Eropa	LOCATION
Eropa	LOCATION
Inggris	LOCATION
Anas	PERSON
Banyuwangi	LOCATION
Abdullah	PERSON
Azwar	PERSON
Anas	PERSON
Pulau	LOCATION
Jawa	LOCATION
Bali	LOCATION
Selat	LOCATION
Bali	LOCATION
Pelabuhan	ORGANIZATION
dan	ORGANIZATION
Penyebrangan	ORGANIZATION
Gilimanuk	ORGANIZATION
Arif	PERSON
Mulyanto	PERSON
Selat	LOCATION
Bali	LOCATION
Kota	LOCATION
Semarang	LOCATION
Sungai	LOCATION
Banjir	LOCATION
Kanal	LOCATION
Barat	LOCATION
Ibnu	PERSON
RI	LOCATION
Joko	PERSON
Widodo	PERSON
Sang	PERSON
Ibnu	PERSON
Wisma	LOCATION
Duta	LOCATION
Besar	LOCATION
Ibnu	PERSON
KBRI	ORGANIZATION
Hanoi	LOCATION
Joko	PERSON
Widodo	PERSON
ASEAN	ORGANIZATION
Amerika	LOCATION
Serikat	LOCATION
Jokowi	PERSON
ASEAN	ORGANIZATION
Amerika	LOCATION
Serikat	LOCATION
Laut	LOCATION
Cina	LOCATION
Selatan	LOCATION
Palestina	LOCATION
Sunnyland	LOCATION
California	LOCATION
Amerika	LOCATION
Serikat	LOCATION
Jokowi	PERSON
Tim	ORGANIZATION
Komunikasi	ORGANIZATION
Presiden	ORGANIZATION
Ari	PERSON
Dwipayana	PERSON
Jokowi	PERSON
Laut	LOCATION
Cina	LOCATION
Selatan	LOCATION
Palestina	LOCATION
Ari	PERSON
Sulawesi	LOCATION
Selatan	LOCATION
Pudji	PERSON
Hartono	PERSON
Kemenhub	ORGANIZATION
Polri	ORGANIZATION
Agus	PERSON
Riyanto	PERSON
Polri	ORGANIZATION
Pudji	PERSON
Perhubungan	ORGANIZATION
Darat	ORGANIZATION
Pudji	PERSON
Sulawesi	LOCATION
Selatan	LOCATION
Polri	ORGANIZATION
Sulsel	LOCATION
Jonan	PERSON
Jalan	LOCATION
Medan	LOCATION
Merdeka	LOCATION
Barat	LOCATION
Jakarta	LOCATION
Pusat	LOCATION
Jonan	PERSON
Perhubungan	ORGANIZATION
Udara	ORGANIZATION
Suprasetyo	PERSON
Dwi	PERSON
International	ORGANIZATION
Air	ORGANIZATION
Transport	ORGANIZATION
Association	ORGANIZATION
IATA	ORGANIZATION
IATA	ORGANIZATION
IATA	ORGANIZATION
Trans	ORGANIZATION
Nusa	ORGANIZATION
FAA	ORGANIZATION
FAA	ORGANIZATION
ICAO	ORGANIZATION
FAA	ORGANIZATION
Jakarta	LOCATION
Bandara	LOCATION
HLP	LOCATION
HLP	LOCATION
TNI	ORGANIZATION
AU	ORGANIZATION
KNKT	ORGANIZATION
TNI	ORGANIZATION
AU	ORGANIZATION
ICAO	ORGANIZATION
Batik	ORGANIZATION
Air	ORGANIZATION
Batik	ORGANIZATION
Air	ORGANIZATION
Trans	ORGANIZATION
Nusa	ORGANIZATION
Bandara	LOCATION
HLP	LOCATION
Airnav	ORGANIZATION
Indonesia	ORGANIZATION
Bandara	LOCATION
CGK	LOCATION
Bandara	LOCATION
CGK	LOCATION
HLP	LOCATION
TNI	ORGANIZATION
Badan	ORGANIZATION
Meteorologi	ORGANIZATION
Klimatologi	ORGANIZATION
dan	ORGANIZATION
Geofisika	ORGANIZATION
BMKG	ORGANIZATION
TNI	ORGANIZATION
TNI	ORGANIZATION
Joko	PERSON
Widodo	PERSON
PKB	ORGANIZATION
Daniel	PERSON
Johan	PERSON
Daniel	PERSON
Daniel	PERSON
DPR	ORGANIZATION
Daniel	PERSON
PKB	ORGANIZATION
KMP	ORGANIZATION
DPR	ORGANIZATION
PDIP	ORGANIZATION
Hendrawan	PERSON
Supratikno	PERSON
Rizal	PERSON
Ramli	PERSON
Sudirman	PERSON
Said	PERSON
PDIP	ORGANIZATION
PDIP	ORGANIZATION
Hendrawan	PERSON
Facebook	ORGANIZATION
Mark	PERSON
Zuckerberg	PERSON
Ignasius	PERSON
Jonan	PERSON
PT	ORGANIZATION
Angkasa	ORGANIZATION
Pura	ORGANIZATION
II	ORGANIZATION
Bandara	LOCATION
Halim	LOCATION
Perdanakusuma	LOCATION
AP	ORGANIZATION
II	ORGANIZATION
Batik	ORGANIZATION
Air	ORGANIZATION
TransNusa	ORGANIZATION
PT	ORGANIZATION
Angkasa	ORGANIZATION
Pura	ORGANIZATION
II	ORGANIZATION
Agus	PERSON
Haryadi	PERSON
detikcom	ORGANIZATION
AP	ORGANIZATION
II	ORGANIZATION
Bandara	LOCATION
Halim	LOCATION
air	ORGANIZATION
controller	ORGANIZATION
traffic	ORGANIZATION
ATC	ORGANIZATION
AP	ORGANIZATION
II	ORGANIZATION
AirNav	ORGANIZATION
Batik	ORGANIZATION
Air	ORGANIZATION
Angkasa	ORGANIZATION
Pura	ORGANIZATION
Bandara	LOCATION
Halim	LOCATION
Bandara	LOCATION
Kualanamu	LOCATION
Angkasa	ORGANIZATION
Pura	ORGANIZATION
Bandara	LOCATION
Halim	LOCATION
Bandara	LOCATION
Kualanamu	LOCATION
Samjian	PERSON
Big	ORGANIZATION
Bird	ORGANIZATION
Blue	ORGANIZATION
Bird	ORGANIZATION
Bandara	LOCATION
Soekarno	LOCATION
Hatta	LOCATION
PT	ORGANIZATION
Pos	ORGANIZATION
Indonesia	ORGANIZATION
Persero	ORGANIZATION
Pos	ORGANIZATION
Indonesia	ORGANIZATION
Hanif	PERSON
Dhakiri	PERSON
Pos	ORGANIZATION
Indonesia	ORGANIZATION
Jakarta	LOCATION
Pos	ORGANIZATION
Indonesia	ORGANIZATION
Wisnu	PERSON
PT	ORGANIZATION
Pos	ORGANIZATION
Indonesia	ORGANIZATION
Febriyanto	PERSON
Februari	TIME
2016	TIME
Febriyanto	PERSON
Bandara	LOCATION
Cengkareng	LOCATION
Leonardo	PERSON
DiCaprio	PERSON
DiCaprio	PERSON
Dolby	LOCATION
Theatre	LOCATION
Los	LOCATION
Angeles	LOCATION
AS	LOCATION
April	TIME
2016	TIME
Kemenhub	ORGANIZATION
Leonardo	PERSON
DiCaprio	PERSON
Taman	LOCATION
Nasional	LOCATION
Gunung	LOCATION
Leuser	LOCATION
TNGL	LOCATION
Aceh	LOCATION
Sumatera	LOCATION
Utara	LOCATION
Kemenhub	ORGANIZATION
2016	TIME
Ignasius	PERSON
Jonan	PERSON
April	TIME
2016	TIME
Mei	TIME
2016	TIME
TNGL	LOCATION
DiCaprio	PERSON
Adrien	PERSON
Brody	PERSON
Fisher	PERSON
Stevens	PERSON
BPJS	ORGANIZATION
Kate	PERSON
Winslet	PERSON
Leonardo	PERSON
DiCaprio	PERSON
Dolby	LOCATION
Theatre	LOCATION
Los	LOCATION
Angeles	LOCATION
AS	LOCATION
Indonesia	LOCATION
April	TIME
Swiss	LOCATION
Doris	PERSON
dan	PERSON
Leuthard	PERSON
Joko	PERSON
Widodo	PERSON
Istana	LOCATION
Negara	LOCATION
Retno	PERSON
Indonesia	LOCATION
RI	LOCATION
Swiss	LOCATION
Indonesia	LOCATION
Swiss	LOCATION
indonesia	LOCATION
EFTA	ORGANIZATION
European	ORGANIZATION
Free	ORGANIZATION
Trade	ORGANIZATION
Association	ORGANIZATION
Indonesia	LOCATION
EFTA	ORGANIZATION
Leuthard	PERSON
BMKG	ORGANIZATION
Leuthard	PERSON
BMKG	ORGANIZATION
Jokowi	PERSON
Joko	PERSON
Widodo	PERSON
DKI	LOCATION
Jakarta	LOCATION
Basuki	PERSON
Tjahaja	PERSON
Purnama	PERSON
Jakarta	LOCATION
Ahok	PERSON
Jokowi	PERSON
Kejagung	ORGANIZATION
BUMN	ORGANIZATION
BUMD	ORGANIZATION
Kejagung	ORGANIZATION
BUMN	ORGANIZATION
BUMD	ORGANIZATION
BUMD	ORGANIZATION
Adhi	ORGANIZATION
Karya	ORGANIZATION
Jakpro	ORGANIZATION
Wijaya	ORGANIZATION
Karya	ORGANIZATION
Adhi	ORGANIZATION
Karya	ORGANIZATION
DiCaprio	PERSON
Bryan	PERSON
Cranston	PERSON
Matt	PERSON
Damon	PERSON
Michael	PERSON
Fassbender	PERSON
Steve	PERSON
Jobs	PERSON
DKI	LOCATION
Jakarta	LOCATION
PT	ORGANIZATION
Jakarta	ORGANIZATION
Propertindo	ORGANIZATION
Jakpro	ORGANIZATION
Badan	ORGANIZATION
Usaha	ORGANIZATION
Milik	ORGANIZATION
Negara	ORGANIZATION
BUMN	ORGANIZATION
PT	ORGANIZATION
Wijaya	ORGANIZATION
Karya	ORGANIZATION
Tbk	ORGANIZATION
WIKA	ORGANIZATION
PT	ORGANIZATION
Waskita	ORGANIZATION
Karya	ORGANIZATION
Tbk	ORGANIZATION
WSKT	ORGANIZATION
PT	ORGANIZATION
Adhi	ORGANIZATION
Karya	ORGANIZATION
Tbk	ORGANIZATION
ADHI	ORGANIZATION
Jakarta	LOCATION
Bandara	LOCATION
Soekarno	LOCATION
Hatta	LOCATION
Kelapa	LOCATION
Gading	LOCATION
Kebayoran	LOCATION
Lama	LOCATION
Jabodetabek	LOCATION
Cibubur	LOCATION
Cawang	LOCATION
Bekasi	LOCATION
Timur	LOCATION
Cawang	LOCATION
Cawang	LOCATION
Dukuh	LOCATION
Palembang	LOCATION
Jokowi	PERSON
Ahok	PERSON
Jakarta	LOCATION
Ahok	PERSON
Rizal	PERSON
Ramli	PERSON
Darmin	PERSON
Nasution	PERSON
Ignasius	PERSON
Jonan	PERSON
Pratikno	PERSON
Jabar	LOCATION
Ahmad	PERSON
Heryawan	PERSON
Sumatera	LOCATION
Selatan	LOCATION
Alex	PERSON
Nurdin	PERSON
Joko	PERSON
Widodo	PERSON
Asian	ORGANIZATION
Games	ORGANIZATION
2018	TIME
Jokowi	PERSON
DKI	LOCATION
Jakarta	LOCATION
Basuki	PERSON
Tjahaja	PERSON
Purnama	PERSON
Ahok	PERSON
Jabodetabek	LOCATION
Jakarta	LOCATION
Ahok	PERSON
Rizal	PERSON
Ramli	PERSON
Darmin	PERSON
Nasution	PERSON
Ignasius	PERSON
Jonan	PERSON
Pratikno	PERSON
Jokowi	PERSON
Jakarta	LOCATION
Jakarta	LOCATION
Jokowi	PERSON
Jakarta	LOCATION
Jakarta	LOCATION
Joko	PERSON
Widodo	PERSON
Uber	ORGANIZATION
GrabCar	ORGANIZATION
PPAD	ORGANIZATION
Organda	ORGANIZATION
DKI	LOCATION
Jakarta	LOCATION
JH	PERSON
Sitorus	PERSON
Februari	TIME
2014	TIME
Organda	ORGANIZATION
Uber	ORGANIZATION
GrabCar	ORGANIZATION
Polda	ORGANIZATION
Metro	ORGANIZATION
Jaya	ORGANIZATION
Dishub	ORGANIZATION
DKI	LOCATION
Agustus	TIME
2015	TIME
Uber	ORGANIZATION
GrabCar	ORGANIZATION
Polda	ORGANIZATION
Metro	ORGANIZATION
Uber	ORGANIZATION
GrabCar	ORGANIZATION
kantor	LOCATION
Menko	LOCATION
Polhukam	LOCATION
Luhut	PERSON
Panjaitan	PERSON
Uber	ORGANIZATION
GrabCar	ORGANIZATION
bulan	TIME
Mei	TIME
2016	TIME
Mei	TIME
Uber	ORGANIZATION
Grab	ORGANIZATION
Ignasius	PERSON
Jonan	PERSON
Jaksa	ORGANIZATION
Agung	ORGANIZATION
Prasetyo	PERSON
Jaksa	ORGANIZATION
Agung	ORGANIZATION
Kemenhub	ORGANIZATION
Jaksa	ORGANIZATION
Agung	ORGANIZATION
Prasetyo	PERSON
Google	ORGANIZATION
Senin	TIME
2016	TIME
PT	ORGANIZATION
PJKA	ORGANIZATION
KAI	ORGANIZATION
KAI	ORGANIZATION
Prasetyo	PERSON
Ignasius	PERSON
Jonan	PERSON
Prasetyo	PERSON
Jonan	PERSON
Jonan	PERSON
TUN	ORGANIZATION
(20/2/2023)	TIME
PSI	ORGANIZATION
Grace	PERSON
Natalie	PERSON
(17/2/2023)	TIME
Khoirul	PERSON
Umam	PERSON
PdiP	ORGANIZATION
Bawaslu	ORGANIZATION